<?xml version="1.0" encoding="UTF-8" ?>
<EventGhost Name="Configuration Tree" Expanded="True" Version="1016" Guid="{FB8B897E-460E-44E2-A962-2DF602413192}" Time="1244047948.75">
    <Autostart Name="Autostart" Expanded="True">
        <Plugin File="IgorPlugUSB" Identifier="IgorPlugUSB">
            gAJLAEsAhnEALg==
        </Plugin>
        <Plugin File="MulticastTV" Identifier="Multicast">
            gAIpLg==
        </Plugin>
    </Autostart>
    <Macro Name="Start Program: MulticastTV">
        <Event Name="IgorPlugUSB.RC5.TV1.Power" />
        <Action>
            Window.FindWindow(u'MulticastTV.exe', None, None, None, None, None, False, 0.0, 2)
        </Action>
        <Action>
            EventGhost.NewJumpIf(XmlIdLink(12), 0, False)
        </Action>
        <Action>
            System.RegistryQuery(2147483650L, u'SOFTWARE\\Microsoft\\Windows\\CurrentVersion\\Uninstall\\{9CA9A1E0-EE8C-4816-A20D-6DDC87347645}_is1', u'Inno Setup: App Path', 1, u'')
        </Action>
        <Action>
            System.Execute(u'{eg.result}\\MulticastTV.exe', u'', 0, False, 2, u'')
        </Action>
        <Action>
            Window.BringToFront()
        </Action>
    </Macro>
    <Macro Name="Close Program: MulticastTV" id="12">
        <Action>
            Multicast.Exit()
        </Action>
    </Macro>
    <Folder Name="MulticastTV" Expanded="True">
        <Macro Name="Previous">
            <Action>
                Multicast.Previous()
            </Action>
        </Macro>
        <Macro Name="1">
            <Event Name="IgorPlugUSB.RC5.TV1.Num1" />
            <Action>
                Multicast.1()
            </Action>
        </Macro>
        <Macro Name="2">
            <Event Name="IgorPlugUSB.RC5.TV1.Num2" />
            <Action>
                Multicast.2()
            </Action>
        </Macro>
        <Macro Name="3">
            <Event Name="IgorPlugUSB.RC5.TV1.Num3" />
            <Action>
                Multicast.3()
            </Action>
        </Macro>
        <Macro Name="4">
            <Event Name="IgorPlugUSB.RC5.TV1.Num4" />
            <Action>
                Multicast.4()
            </Action>
        </Macro>
        <Macro Name="6">
            <Event Name="IgorPlugUSB.RC5.TV1.Num6" />
            <Action>
                Multicast.6()
            </Action>
        </Macro>
        <Macro Name="5">
            <Event Name="IgorPlugUSB.RC5.TV1.Num5" />
            <Action>
                Multicast.5()
            </Action>
        </Macro>
        <Macro Name="7">
            <Event Name="IgorPlugUSB.RC5.TV1.Num7" />
            <Action>
                Multicast.7()
            </Action>
        </Macro>
        <Macro Name="8">
            <Event Name="IgorPlugUSB.RC5.TV1.Num8" />
            <Action>
                Multicast.8()
            </Action>
        </Macro>
        <Macro Name="9">
            <Event Name="IgorPlugUSB.RC5.TV1.Num9" />
            <Action>
                Multicast.9()
            </Action>
        </Macro>
        <Macro Name="0">
            <Event Name="IgorPlugUSB.RC5.TV1.Num0" />
            <Action>
                Multicast.0()
            </Action>
        </Macro>
        <Macro Name="Volume Down">
            <Event Name="IgorPlugUSB.RC5.TV1.VolumeDown" />
            <Action>
                Multicast.Volume Down()
            </Action>
            <Action>
                EventGhost.AutoRepeat(0.01, 0.29999999999999999, 0.01, 3.0)
            </Action>
        </Macro>
        <Macro Name="Volume Up">
            <Event Name="IgorPlugUSB.RC5.TV1.VolumeUp" />
            <Action>
                Multicast.Volume Up()
            </Action>
            <Action>
                EventGhost.AutoRepeat(0.01, 0.29999999999999999, 0.01, 3.0)
            </Action>
        </Macro>
        <Macro Name="Channel Up">
            <Event Name="IgorPlugUSB.RC5.TV1.ChannelUp" />
            <Action>
                Multicast.Channel Up()
            </Action>
        </Macro>
        <Macro Name="Channel Down">
            <Event Name="IgorPlugUSB.RC5.TV1.ChannelDown" />
            <Action>
                Multicast.Channel Down()
            </Action>
        </Macro>
        <Macro Name="Record">
            <Action>
                Multicast.Record()
            </Action>
        </Macro>
        <Macro Name="Back">
            <Action>
                Multicast.Back()
            </Action>
        </Macro>
        <Macro Name="OSD Channel">
            <Action>
                Multicast.OSD Channel()
            </Action>
        </Macro>
        <Macro Name="Full Screen">
            <Event Name="IgorPlugUSB.RC5.TV1.Red" />
            <Action>
                Multicast.Full Screen()
            </Action>
        </Macro>
        <Macro Name="Table">
            <Action>
                Multicast.Table()
            </Action>
        </Macro>
        <Macro Name="Mute" Expanded="True">
            <Event Name="IgorPlugUSB.RC5.TV1.Mute" />
            <Action>
                Multicast.Mute()
            </Action>
        </Macro>
        <Macro Name="Pause">
            <Action>
                Multicast.Pause()
            </Action>
        </Macro>
        <Macro Name="Play Faster">
            <Action>
                Multicast.Play Faster()
            </Action>
        </Macro>
        <Macro Name="Play Slower">
            <Action>
                Multicast.Play Slower()
            </Action>
        </Macro>
        <Macro Name="Snapshot">
            <Action>
                Multicast.Snapshot()
            </Action>
        </Macro>
        <Macro Name="Recall">
            <Event Name="IgorPlugUSB.RC5.TV1.Blue" />
            <Action>
                Multicast.Recall()
            </Action>
        </Macro>
        <Macro Name="Aspect Ratio">
            <Action>
                Multicast.Aspect Ratio()
            </Action>
        </Macro>
        <Macro Name="Crop">
            <Action>
                Multicast.Crop()
            </Action>
        </Macro>
        <Macro Name="Left">
            <Action>
                Multicast.Left()
            </Action>
        </Macro>
        <Macro Name="Right">
            <Action>
                Multicast.Right()
            </Action>
        </Macro>
        <Macro Name="Up">
            <Action>
                Multicast.Up()
            </Action>
        </Macro>
        <Macro Name="Down">
            <Action>
                Multicast.Down()
            </Action>
        </Macro>
        <Macro Name="PIP" Expanded="True">
            <Event Name="IgorPlugUSB.RC5.TV1.0F" />
            <Action>
                Multicast.PIP()
            </Action>
        </Macro>
        <Macro Name="Epg scroll up">
            <Action>
                Multicast.Epg scroll up()
            </Action>
        </Macro>
        <Macro Name="Epg scroll down">
            <Action>
                Multicast.Epg scroll down()
            </Action>
        </Macro>
        <Macro Name="Epg zoom in">
            <Action>
                Multicast.Epg zoom in()
            </Action>
        </Macro>
        <Macro Name="Epg zoom out">
            <Action>
                Multicast.Epg zoom out()
            </Action>
        </Macro>
        <Macro Name="Epg Show">
            <Event Name="IgorPlugUSB.RC5.TV1.Yellow" />
            <Action>
                Multicast.Epg Show()
            </Action>
        </Macro>
        <Macro Name="Teletext">
            <Action>
                Multicast.Teletext()
            </Action>
        </Macro>
        <Macro Name="Epg background toggle">
            <Action>
                Multicast.Epg background toggle()
            </Action>
        </Macro>
        <Macro Name="Exit">
            <Action>
                Multicast.Exit()
            </Action>
        </Macro>
        <Macro Name="Stop">
            <Action>
                Multicast.Stop()
            </Action>
        </Macro>
        <Macro Name="Audio track">
            <Action>
                Multicast.Audio track()
            </Action>
        </Macro>
    </Folder>
</EventGhost>
