<?xml version="1.0" encoding="UTF-8" ?>
<EventGhost Version="1534" Guid="{D5708333-D88F-4E20-834E-E4E1034A28C1}" Time="1310233623.15">
    <Autostart Name="Autostart" Expanded="True">
        <Plugin Identifier="DynamicWebserver" Guid="{2FC713FF-0093-4271-A520-F0F6BB05A0E8}" File="DynamicWebserver">
            gAIoWAQAAABIVFRQcQBNcMtYHgAAAEM6XFVzZXJzXENhcnNvblxEcm9wYm94XFJlbW90ZXEBWAoAAABFdmVudEdob3N0cQJYAAAAAHEDaAN0cQQu
        </Plugin>
        <Plugin Enabled="False" Identifier="WebSocketPlugin" Guid="WebSocket" File="WebSocket">
            gAJYDQAAADE5Mi4xNjguMC4xMDJxAE3TBIZxAS4=
        </Plugin>
    </Autostart>
    <Macro Name="Reply to Poke" Expanded="True">
        <Event Name="WebSocket.Message" />
        <Action>
            EventGhost.PythonScript(u'\nif (eg.event.payload == "POKE"):\n    eg.plugins.WebSocketPlugin.SendMessageAll("Quit Poking Me!")')
        </Action>
    </Macro>
    <Macro Name="SendMessage" Expanded="True">
        <Action>
            WebSocketPlugin.SendMessageAll(u'Testing')
        </Action>
    </Macro>
</EventGhost>
