<?xml version="1.0" encoding="ISO-8859-1"?>
<controls>
	<caption>Remote Messages</caption>
	<description>Only remote messages are enabled.</description>
  <picture>EventGhost.png</picture>
	<source-plugins>
		<source name="Streamzap" active="FALSE"/>
		<source name="X10" active="FALSE"/>
		<source name="HID" active="FALSE"/>
		<source name="TTBDARemotes" active="FALSE"/>
		<source name="RemoteMsg" active="TRUE"/>
		<source name="keyboard" active="FALSE"/>
	</source-plugins>
	<commands>
		<command name="exit">
			<input source="keyboard">Escape</input>
			<input source="RemoteMsg">Code-33</input>
		</command>
		<command name="back">
			<input source="keyboard">Backspace</input>
			<input source="streamzap">Exit</input>
			<input source="X10">Resize</input>
			<input source="HID">Back</input>
			<input source="TTBDARemotes">Exit</input>
			<input source="RemoteMsg">Code-32</input>
		</command>
		<command name="up">
			<input source="keyboard">Up</input>
			<input source="streamzap">Up</input>
			<input source="X10">Up</input>
			<input source="TTBDARemotes">Up</input>
			<input source="RemoteMsg">Code-11</input>
		</command>
		<command name="down">
			<input source="keyboard">Down</input>
			<input source="streamzap">Down</input>
			<input source="X10">Down</input>
			<input source="TTBDARemotes">Down</input>
			<input source="RemoteMsg">Code-12</input>
		</command>
		<command name="left">
			<input source="keyboard">Left</input>
			<input source="streamzap">Left</input>
			<input source="X10">Left</input>
			<input source="TTBDARemotes">Left</input>
			<input source="RemoteMsg">Code-13</input>
		</command>
		<command name="right">
			<input source="keyboard">Right</input>
			<input source="streamzap">Right</input>
			<input source="X10">Right</input>
			<input source="TTBDARemotes">Right</input>
			<input source="RemoteMsg">Code-14</input>
		</command>
		<command name="enter">
			<input source="keyboard">Return</input>
			<input source="streamzap">OK</input>
			<input source="X10">Ok</input>
			<input source="TTBDARemotes">Ok</input>
			<input source="RemoteMsg">Code-10</input>
		</command>
		<command name="menu">
			<input source="keyboard">f10</input>
			<input source="streamzap">Menu</input>
			<input source="X10">MTAlbum</input>
			<input source="HID">MCE DVD Menu</input>
			<input source="HID">TV Menu</input>
			<input source="HID">Menu</input>
			<input source="TTBDARemotes">Menu</input>
			<input source="RemoteMsg">Code-31</input>
		</command>
		<command name="power">
			<input source="streamzap">OnOff</input>
			<input source="X10">Power</input>
			<input source="TTBDARemotes">Power</input>
			<input source="RemoteMsg">Code-34</input>
		</command>
		<command name="play">
			<input source="keyboard">Space</input>
			<input source="streamzap">Play</input>
			<input source="X10">Play</input>
			<input source="HID">Play</input>
			<input source="TTBDARemotes">Play</input>
			<input source="RemoteMsg">Code-15</input>
		</command>
		<command name="pause">
			<input source="keyboard">Space</input>
			<input source="streamzap">Pause</input>
			<input source="X10">Pause</input>
			<input source="HID">Pause</input>
			<input source="TTBDARemotes">Pause</input>
			<input source="RemoteMsg">Code-16</input>
		</command>
		<command name="stop">
			<input source="keyboard">multiply</input>
			<input source="streamzap">Stop</input>
			<input source="X10">Stop</input>
			<input source="HID">Stop</input>
			<input source="TTBDARemotes">Stop</input>
			<input source="RemoteMsg">Code-17</input>
		</command>
		<command name="next">
			<input source="keyboard">home</input>
			<input source="streamzap">End</input>
			<input source="X10">F</input>
			<input source="HID">Skip</input>
			<input source="HID">Next</input>
			<input source="TTBDARemotes">Next</input>
			<input source="RemoteMsg">Code-22</input>
		</command>
		<command name="previous">
			<input source="keyboard">end</input>
			<input source="streamzap">Start</input>
			<input source="X10">E</input>
			<input source="HID">Replay</input>
			<input source="HID">Previous</input>
			<input source="TTBDARemotes">Previous</input>
			<input source="RemoteMsg">Code-19</input>
		</command>
		<command name="ffwd">
			<input source="keyboard">insert</input>
			<input source="streamzap">Forward</input>
			<input source="X10">Forward</input>
			<input source="HID">Forward</input>
			<input source="HID">FFWD</input>
			<input source="TTBDARemotes">Forward</input>
			<input source="RemoteMsg">Code-21</input>
		</command>
		<command name="frew">
			<input source="keyboard">delete</input>
			<input source="streamzap">Back</input>
			<input source="X10">Rewind</input>
			<input source="HID">Rewind</input>
			<input source="HID">REW</input>
			<input source="TTBDARemotes">Rewind</input>
			<input source="RemoteMsg">Code-20</input>
		</command>
		<command name="pageup">
			<input source="keyboard">pageup</input>
			<input source="streamzap">CH +</input>
			<input source="X10">ChannelUp</input>
			<input source="HID">ChannelUp</input>
			<input source="HID">Ch+</input>
			<input source="TTBDARemotes">ChannelUp</input>
			<input source="RemoteMsg">Code-27</input>
		</command>
		<command name="pagedown">
			<input source="keyboard">pagedown</input>
			<input source="streamzap">CH -</input>
			<input source="X10">ChannelDown</input>
			<input source="HID">ChannelDown</input>
			<input source="HID">Ch-</input>
			<input source="TTBDARemotes">ChannelDown</input>
			<input source="RemoteMsg">Code-28</input>
		</command>
		<command name="record">
			<input source="keyboard">divide</input>
			<input source="streamzap">Rec</input>
			<input source="X10">Record</input>
			<input source="HID">Record</input>
			<input source="TTBDARemotes">Record</input>
			<input source="RemoteMsg">Code-18</input>
		</command>
		<command name="red">
			<input source="keyboard">f5</input>
			<input source="streamzap">Red</input>
			<input source="X10">MTArtist</input>
			<input source="HID">MCE Red</input>
			<input source="HID">EPG</input>
			<input source="HID">Red</input>
			<input source="TTBDARemotes">Red</input>
			<input source="RemoteMsg">Code-23</input>
		</command>
		<command name="green">
			<input source="keyboard">f6</input>
			<input source="streamzap">Green</input>
			<input source="X10">MTGenre</input>
			<input source="HID">MCE Green</input>
			<input source="HID">Radio</input>
			<input source="HID">Green</input>
			<input source="TTBDARemotes">Green</input>
			<input source="RemoteMsg">Code-24</input>
		</command>
		<command name="yellow">
			<input source="keyboard">f7</input>
			<input source="streamzap">Yellow</input>
			<input source="X10">MTTrack</input>
			<input source="HID">MCE Yellow</input>
			<input source="HID">Text</input>
			<input source="HID">Yellow</input>
			<input source="TTBDARemotes">Yellow</input>
			<input source="RemoteMsg">Code-25</input>
		</command>
		<command name="blue">
			<input source="keyboard">f8</input>
			<input source="streamzap">Blue</input>
			<input source="X10">MTUp</input>
			<input source="HID">MCE Blue</input>
			<input source="HID">Blue</input>
			<input source="TTBDARemotes">Blue</input>
			<input source="RemoteMsg">Code-26</input>
		</command>
		<command name="volumeup">
			<input source="keyboard">add</input>
			<input source="streamzap">Vol +</input>
			<input source="X10">VolumeDown</input>
			<input source="HID">Vol+</input>
			<input source="TTBDARemotes">VolUp</input>
			<input source="RemoteMsg">Code-29</input>
		</command>
		<command name="volumedown">
			<input source="keyboard">substract</input>
			<input source="streamzap">Vol -</input>
			<input source="X10">VolumeUp</input>
			<input source="HID">Vol-</input>
			<input source="TTBDARemotes">VolDown</input>
			<input source="RemoteMsg">Code-30</input>
		</command>
		<command name="av">
			<input source="keyboard">ctrl-f5</input>
			<input source="RemoteMsg">Code-41</input>
		</command>
		<command name="pip">
			<input source="keyboard">ctrl-f6</input>
			<input source="RemoteMsg">Code-39</input>
		</command>
		<command name="0">
			<input source="keyboard">0</input>
			<input source="keyboard">num_0</input>
			<input source="streamzap">0</input>
			<input source="X10">Zero</input>
			<input source="HID">Last Prog</input>
			<input source="HID">0</input>
			<input source="TTBDARemotes">0</input>
			<input source="RemoteMsg">Code-0</input>
		</command>
		<command name="1">
			<input source="keyboard">1</input>
			<input source="keyboard">num_1</input>
			<input source="streamzap">1</input>
			<input source="X10">One</input>
			<input source="HID">1</input>
			<input source="TTBDARemotes">1</input>
			<input source="RemoteMsg">Code-1</input>
		</command>
		<command name="2">
			<input source="keyboard">2</input>
			<input source="keyboard">num_2</input>
			<input source="streamzap">2</input>
			<input source="X10">Two</input>
			<input source="HID">2</input>
			<input source="TTBDARemotes">2</input>
			<input source="RemoteMsg">Code-2</input>
		</command>
		<command name="3">
			<input source="keyboard">3</input>
			<input source="keyboard">num_3</input>
			<input source="streamzap">3</input>
			<input source="X10">Three</input>
			<input source="HID">3</input>
			<input source="TTBDARemotes">3</input>
			<input source="RemoteMsg">Code-3</input>
		</command>
		<command name="4">
			<input source="keyboard">4</input>
			<input source="keyboard">num_4</input>
			<input source="streamzap">4</input>
			<input source="X10">Four</input>
			<input source="HID">4</input>
			<input source="TTBDARemotes">4</input>
			<input source="RemoteMsg">Code-4</input>
		</command>
		<command name="5">
			<input source="keyboard">5</input>
			<input source="keyboard">num_5</input>
			<input source="streamzap">5</input>
			<input source="X10">Five</input>
			<input source="HID">5</input>
			<input source="TTBDARemotes">5</input>
			<input source="RemoteMsg">Code-5</input>
		</command>
		<command name="6">
			<input source="keyboard">6</input>
			<input source="keyboard">num_6</input>
			<input source="streamzap">6</input>
			<input source="X10">Six</input>
			<input source="HID">6</input>
			<input source="TTBDARemotes">6</input>
			<input source="RemoteMsg">Code-6</input>
		</command>
		<command name="7">
			<input source="keyboard">7</input>
			<input source="keyboard">num_7</input>
			<input source="streamzap">7</input>
			<input source="X10">Seven</input>
			<input source="HID">7</input>
			<input source="TTBDARemotes">7</input>
			<input source="RemoteMsg">Code-7</input>
		</command>
		<command name="8">
			<input source="keyboard">8</input>
			<input source="keyboard">num_8</input>
			<input source="streamzap">8</input>
			<input source="X10">Eight</input>
			<input source="HID">8</input>
			<input source="TTBDARemotes">8</input>
			<input source="RemoteMsg">Code-8</input>
		</command>
		<command name="9">
			<input source="keyboard">9</input>
			<input source="keyboard">num_9</input>
			<input source="streamzap">9</input>
			<input source="X10">Nine</input>
			<input source="HID">9</input>
			<input source="TTBDARemotes">9</input>
			<input source="RemoteMsg">Code-9</input>
		</command>
		<command name="info">
			<input source="keyboard">f11</input>
			<input source="X10">MTPC</input>
			<input source="TTBDARemotes">Info</input>
			<input source="HID">MCE Details</input>
			<input source="RemoteMsg">Code-36</input>
		</command>
		<command name="language">
			<input source="keyboard">ctrl-f10</input>
			<input source="TTBDARemotes">Source</input>
			<input source="RemoteMsg">Code-53</input>
		</command>
		<command name="option">
			<input source="keyboard">ctrl-f11</input>
			<input source="TTBDARemotes">Option</input>
			<input source="RemoteMsg">Code-56</input>
		</command>
		<command name="display">
			<input source="keyboard">decimal</input>
			<input source="RemoteMsg">Code-40</input>
		</command>
		<command name="fullscreen" direct-target="screen.fullscreenwindowtoggle">
			<input source="keyboard">f12</input>
			<input source="HID">Fullscreen</input>
			<input source="TTBDARemotes">Fullscreen</input>
			<input source="RemoteMsg">Code-52</input>
		</command>
		<command name="vanity">
			<input source="keyboard">ctrl-f</input>
			<input source="RemoteMsg">Code-57</input>
		</command>
		<command name="a">
			<input source="keyboard">a</input>
			<input source="RemoteMsg">Code-60</input>
		</command>
		<command name="b">
			<input source="keyboard">b</input>
			<input source="RemoteMsg">Code-61</input>
		</command>
		<command name="c">
			<input source="keyboard">c</input>
			<input source="RemoteMsg">Code-62</input>
		</command>
		<command name="d">
			<input source="keyboard">d</input>
			<input source="RemoteMsg">Code-63</input>
		</command>
		<command name="e">
			<input source="keyboard">e</input>
			<input source="RemoteMsg">Code-64</input>
		</command>
		<command name="f">
			<input source="keyboard">f</input>
			<input source="RemoteMsg">Code-65</input>
		</command>
		<command name="g">
			<input source="keyboard">g</input>
			<input source="RemoteMsg">Code-66</input>
		</command>
		<command name="h">
			<input source="keyboard">h</input>
			<input source="RemoteMsg">Code-67</input>
		</command>
		<command name="i">
			<input source="keyboard">i</input>
			<input source="RemoteMsg">Code-68</input>
		</command>
		<command name="j">
			<input source="keyboard">j</input>
			<input source="RemoteMsg">Code-69</input>
		</command>
		<command name="k">
			<input source="keyboard">k</input>
			<input source="RemoteMsg">Code-70</input>
		</command>
		<command name="l">
			<input source="keyboard">l</input>
			<input source="RemoteMsg">Code-71</input>
		</command>
		<command name="m">
			<input source="keyboard">m</input>
			<input source="keyboard">scroll</input>
			<input source="streamzap">Mute</input>
			<input source="HID">Mute</input>
			<input source="X10">A</input>
			<input source="TTBDARemotes">Mute</input>
			<input source="RemoteMsg">Code-35</input>
			<input source="RemoteMsg">Code-72</input>
		</command>
		<command name="n">
			<input source="keyboard">n</input>
			<input source="RemoteMsg">Code-73</input>
		</command>
		<command name="o">
			<input source="keyboard">o</input>
			<input source="RemoteMsg">Code-74</input>
		</command>
		<command name="p">
			<input source="keyboard">p</input>
			<input source="RemoteMsg">Code-75</input>
		</command>
		<command name="q">
			<input source="keyboard">q</input>
			<input source="RemoteMsg">Code-76</input>
		</command>
		<command name="r">
			<input source="keyboard">r</input>
			<input source="RemoteMsg">Code-77</input>
		</command>
		<command name="s">
			<input source="keyboard">s</input>
			<input source="RemoteMsg">Code-78</input>
		</command>
		<command name="t">
			<input source="keyboard">t</input>
			<input source="RemoteMsg">Code-79</input>
		</command>
		<command name="u">
			<input source="keyboard">u</input>
			<input source="RemoteMsg">Code-80</input>
		</command>
		<command name="v">
			<input source="keyboard">v</input>
			<input source="RemoteMsg">Code-81</input>
		</command>
		<command name="w">
			<input source="keyboard">w</input>
			<input source="RemoteMsg">Code-82</input>
		</command>
		<command name="x">
			<input source="keyboard">x</input>
			<input source="RemoteMsg">Code-83</input>
		</command>
		<command name="y">
			<input source="keyboard">y</input>
			<input source="RemoteMsg">Code-84</input>
		</command>
		<command name="z">
			<input source="keyboard">z</input>
			<input source="RemoteMsg">Code-85</input>
		</command>
		<command name="Home">
			<input source="RemoteMsg">Code-37</input>
		</command>
		<command name="Teletext">
			<input source="RemoteMsg">Code-38</input>
		</command>
		<command name="Pictures" direct-target="plugin.imagemodule.open-view">
			<input source="RemoteMsg">Code-42</input>
		</command>
		<command name="Videos" direct-target="plugin.centralcontrol.video.open">
			<input source="RemoteMsg">Code-43</input>
		</command>
		<command name="Music" direct-target="plugin.centralcontrol.music.open">
			<input source="RemoteMsg">Code-44</input>
		</command>
		<command name="Radio" direct-target="plugin.centralcontrol.radio.open">
			<input source="RemoteMsg">Code-45</input>
		</command>
		<command name="TV" direct-target="plugin.centralcontrol.tv.open">
			<input source="RemoteMsg">Code-46</input>
		</command>
		<command name="DVD" direct-target="plugin.centralmedia.player.play-dvd">
			<input source="RemoteMsg">Code-47</input>
		</command>
		<command name="CD" direct-target="plugin.centralmusic.music.play-cd">
			<input source="RemoteMsg">Code-58</input>
    </command>
		<command name="EPG" direct-target="plugin.epgmodule.open-channels">
			<input source="RemoteMsg">Code-48</input>
		</command>
		<command name="Recordings" direct-target="plugin.centralcontrol.video.open">
			<input source="RemoteMsg">Code-49</input>
		</command>
		<command name="PreviousChannel">
			<input source="RemoteMsg">Code-49</input>
		</command>
		<command name="Subtitle">
			<input source="RemoteMsg">Code-51</input>
		</command>
		<command name="Shuffle">
			<input source="RemoteMsg">Code-54</input>
		</command>
		<command name="Repeat">
			<input source="RemoteMsg">Code-55</input>
		</command>
	</commands>
</controls>
