<?xml version="1.0" encoding="UTF-8" ?>
<EventGhost Name="Konfigurations-Baum" Expanded="True" Version="1462" Guid="{8A8D49EB-1D38-416C-8FAE-D176F692C5EA}" Time="1293892814.53">
    <Autostart Name="Autostart" Expanded="True">
        <Plugin File="MceRemote" Identifier="MceRemote">
            gAJHP8MzMzMzMzOIhnEALg==
        </Plugin>
        <Plugin File="ITunes" Identifier="iTunes">
            gAIpLg==
        </Plugin>
    </Autostart>
    <Macro Name="Starte Anwendung: iTunes.exe" Expanded="True">
        <Action>
            System.Execute(u'C:\\Programme\\iTunes\\iTunes.exe', u'', 2, False, 3, u'')
        </Action>
    </Macro>
    <Macro Name="Switch to: iTunes" Expanded="True">
        <Event Name="Task.Activated.iTunes" />
        <Action>
            EventGhost.EnableExclusive(XmlIdLink(11))
        </Action>
    </Macro>
    <Folder Name="Context Folder" Expanded="True">
        <Folder Name="iTunes" id="11" Expanded="True">
            <Macro Name="iTunes: PreviousTrack">
                <Event Name="MceRemote.6BE4" />
                <Action>
                    iTunes.PreviousTrack()
                </Action>
            </Macro>
            <Macro Name="iTunes: NextTrack">
                <Event Name="MceRemote.6BE5" />
                <Action>
                    iTunes.NextTrack()
                </Action>
            </Macro>
            <Macro Name="iTunes: Stop">
                <Event Name="MceRemote.6BE6" />
                <Action>
                    iTunes.Stop()
                </Action>
            </Macro>
            <Macro Name="iTunes: Play">
                <Event Name="MceRemote.6BE9" />
                <Action>
                    iTunes.Play()
                </Action>
            </Macro>
            <Macro Name="iTunes: Pause">
                <Event Name="MceRemote.6BE7" />
                <Action>
                    iTunes.Pause()
                </Action>
            </Macro>
            <Macro Name="iTunes: Rewind">
                <Event Name="MceRemote.6BEA" />
                <Action>
                    iTunes.Rewind()
                </Action>
            </Macro>
            <Macro Name="iTunes: FastForward">
                <Event Name="MceRemote.6BEB" />
                <Action>
                    iTunes.FastForward()
                </Action>
            </Macro>
            <Macro Name="iTunes: ShowInfoOSD">
                <Event Name="MceRemote.6BF0" />
                <Action>
                    iTunes.ShowInfoOSD()
                </Action>
            </Macro>
            <Macro Name="iTunes: ToggleVisuals">
                <Event Name="MceRemote.6BF2" />
                <Action>
                    iTunes.ToggleVisuals()
                </Action>
            </Macro>
        </Folder>
        <Folder Name="System" Expanded="True">
            <Macro Name="Stummschaltung umschalten">
                <Event Name="MceRemote.6BF1" />
                <Action>
                    System.ToggleMute(0)
                </Action>
            </Macro>
            <Macro Name="Verändere Master-Lautstärke: 2.00 %">
                <Event Name="MceRemote.6BEF" />
                <Action>
                    System.ChangeMasterVolumeBy(2.0, 0)
                </Action>
                <Action>
                    EventGhost.AutoRepeat(0.5, 0.25, 0.01, 2.5)
                </Action>
            </Macro>
            <Macro Name="Verändere Master-Lautstärke: -2.00 %">
                <Event Name="MceRemote.6BEE" />
                <Action>
                    System.ChangeMasterVolumeBy(-2.0, 0)
                </Action>
                <Action>
                    EventGhost.AutoRepeat(0.5, 0.25, 0.01, 2.5)
                </Action>
            </Macro>
        </Folder>
    </Folder>
</EventGhost>
