<?xml version="1.0" encoding="UTF-8" ?>
<EventGhost Version="1544">
    <Folder Name="RCAware" Expanded="True">
        <Folder Name="Power">
            <Macro Name="TV ON/OFF">
                <Event Name="MceRemote.Mce.Power" />
                <Action>
                    HdmiCec.IsOnline(0, u'TV')
                </Action>
                <Action>
                    EventGhost.NewJumpIf(XmlIdLink(820), 0, False)
                </Action>
                <Action>
                    EventGhost.NewJumpIf(XmlIdLink(813), 2, False)
                </Action>
            </Macro>
            <Macro Name="Boot / Wake">
                <Event Name="System.Resume" />
                <Event Name="Main.OnInitAfterBoot" />
                <Action>
                    EventGhost.TriggerEvent(u'Boot.Wake.Fix', 5.0)
                </Action>
            </Macro>
            <Macro Name="Boot / Wake Fix" id="813">
                <Event Name="Boot.Wake.Fix" />
                <Action>
                    HdmiCec.WakeUp(0, 0, u'TV')
                </Action>
                <Action>
                    Window.SendKeys(u'{Alt+Win+Enter}', False)
                </Action>
                <Action>
                    System.MonitorPowerOn()
                </Action>
                <Action>
                    EventGhost.PythonScript(u'if eg.plugins.HdmiCec.plugin.syncVolume &lt;= 1:\n    eg.StopMacro()')
                </Action>
                <Action>
                    EventGhost.NewJumpIf(XmlIdLink(826), 2, False)
                </Action>
            </Macro>
            <Macro Name="Standby All Devices" id="820">
                <Action>
                    HdmiCec.StandBy(3, 10, u'All Devices')
                </Action>
            </Macro>
            <Macro Name="Turned off TV">
                <Event Name="HdmiCec.Broadcast.Standby" />
                <Action>
                    EventGhost.FlushEvents()
                </Action>
                <Action>
                    System.Standby(False)
                </Action>
            </Macro>
            <Macro Name="Turn Amp on" id="826">
                <Event Name="HdmiCec.TurnAmpOn" />
                <Action>
                    HdmiCec.SetAudioMode(1, 1, '', 1, u'Media Center')
                </Action>
                <Action>
                    EventGhost.PythonScript(u'if eg.result:\n    eg.StopMacro()')
                </Action>
                <Action>
                    EventGhost.TriggerEvent(u'HdmiCec.TurnAmpOn', 2.0)
                </Action>
            </Macro>
        </Folder>
        <Folder Name="Controls">
            <Macro Name="Green Button" Expanded="True">
                <Event Name="HdmiCec.Media Center.User Control Pressed.F3 (Green)" />
                <Action>
                    Window.SendKeys(u'{Alt+Win+Enter}', False)
                </Action>
            </Macro>
        </Folder>
        <Folder Name="MCE Handshaking">
            <Macro Name="Vendor ID">
                <Event Name="HdmiCec.Media Center.Give Device Vendor ID" />
                <Action>
                    EventGhost.PythonScript(u"try:\n    if filter(lambda i: i[0] == 5, eg.plugins.HdmiCec.plugin.devDetails)[0][2] == 'Emulated' and filter(lambda i: i[0] == 0, eg.plugins.HdmiCec.plugin.devDetails)[0][4] == '008045':\n        eg.plugins.HdmiCec.CecCommand(0, u'Broadcast', 16, 0, u'Device Vendor ID', '008045', u'', u'', u'', u'', u'', u'', -1, -1, -1, -1, -1, -1, -1, u'87 008045~', -1, 'None', '')\n        eg.plugins.HdmiCec.CecCommand(1, u'TV', 16, 0, u'Vendor Command', '10 01 05', u'', u'', u'', u'', u'', u'', -1, -1, -1, -1, -1, -1, -1, u'89 10 01 05', -1, 'None', '')\n        eg.StopMacro()\nexcept:\n    pass\neg.plugins.HdmiCec.CecCommand(0, u'Broadcast', 16, 0, u'Device Vendor ID', eg.plugins.HdmiCec.plugin.primary[4], u'', u'', u'', u'', u'', u'', -1, -1, -1, -1, -1, -1, -1, u'87 '+eg.plugins.HdmiCec.plugin.primary[4], -1, 'None', '')")
                </Action>
            </Macro>
            <Macro Name="LG Vendor Command 1" Expanded="True">
                <Event Name="HdmiCec.Media Center.Vendor Command.04.01" />
                <Action>
                    HdmiCec.CecCommand(2, u'TV', 6, 0, u'Image View On', u'', u'', u'', u'', u'', u'', u'', -1, -1, -1, -1, -1, -1, -1, '04', -1, 'None', '')
                </Action>
                <Action>
                    HdmiCec.CecCommand(0, u'Broadcast', 10, 2, u'Active Source', u'20 00', u'', u'', u'', u'', u'', u'', -1, -1, -1, -1, -1, -1, -1, u'82 20 00', -1, 'None', '')
                </Action>
            </Macro>
            <Macro Name="Panasonic Vendor Command 1">
                <Event Name="HdmiCec.Media Center.Vendor Command With ID.00.80.45.06.05" />
                <Action>
                    EventGhost.PythonScript(u"try:\n    if filter(lambda i: i[0] == 5, eg.plugins.HdmiCec.plugin.devDetails)[0][2] == 'Real':\n        eg.StopMacro()\nexcept:\n    eg.StopMacro()\n    pass")
                </Action>
                <Action>
                    HdmiCec.CecCommand(2, u'TV', 16, 7, u'Vendor Command With ID', u'00 80 45', u'05 12 05 05 05 00 00 01 07 02 00', u'', u'', u'', u'', u'', -1, -1, -1, -1, -1, -1, -1, u'A0 00 80 45 05 12 05 05 05 00 00 01 07 02 00', -1, 'None', '')
                </Action>
            </Macro>
            <Macro Name="Panasonic Vendor Command 2">
                <Event Name="HdmiCec.Media Center.Vendor Command.10.01.05" />
                <Action>
                    EventGhost.PythonScript(u"try:\n    if filter(lambda i: i[0] == 5, eg.plugins.HdmiCec.plugin.devDetails)[0][2] == 'Real':\n        eg.StopMacro()\nexcept:\n    eg.StopMacro()\n    pass")
                </Action>
                <Action>
                    HdmiCec.CecCommand(2, u'TV', 16, 1, u'Vendor Command', u'10 02 FF FF 12 05 10 31 32 30 4F 45', u'', u'', u'', u'', u'', u'', -1, -1, -1, -1, -1, -1, -1, u'89 10 02 FF FF 12 05 10 31 32 30 4F 45', -1, 'None', '')
                </Action>
            </Macro>
            <Macro Name="Samsung Vendor Command 1">
                <Event Name="HdmiCec.Media Center.Vendor Command With ID.00.00.F0.23" />
                <Action>
                    HdmiCec.CecCommand(2, u'TV', 16, 7, u'Vendor Command With ID', u'00 00 F0', u'24 01 3A 00 00 00', u'', u'', u'', u'', u'', -1, -1, -1, -1, -1, -1, -1, u'A0 00 00 F0 24 01 3A 00 00 00', -1, 'None', '')
                </Action>
            </Macro>
            <Macro Name="Samsung Vendor Command 2">
                <Event Name="HdmiCec.Media Center.Vendor Command With ID.00.00.F0.21" />
                <Action>
                    HdmiCec.CecCommand(2, u'TV', 16, 7, u'Vendor Command With ID', u'00 00 F0', u'22 01 3A 00 00 00', u'', u'', u'', u'', u'', -1, -1, -1, -1, -1, -1, -1, u'A0 00 00 F0 22 01 3A 00 00 00', -1, 'None', '')
                </Action>
            </Macro>
            <Macro Name="Sharp Vendor Command 1">
                <Event Name="HdmiCec.Media Center.Vendor Command.01.F0" />
                <Action>
                    HdmiCec.CecCommand(2, u'TV', 16, 1, u'Vendor Command', u'01 F1 01 00', u'', u'', u'', u'', u'', u'', -1, -1, -1, -1, -1, -1, -1, u'89 01 F1 01 00', -1, 'None', '')
                </Action>
            </Macro>
            <Macro Name="Sharp Vendor Command 2">
                <Event Name="HdmiCec.Media Center.Vendor Command.01.1F" />
                <Action>
                    HdmiCec.CecCommand(2, u'TV', 16, 1, u'Vendor Command', u'01 F1', u'', u'', u'', u'', u'', u'', -1, -1, -1, -1, -1, -1, -1, u'89 01 F1', -1, 'None', '')
                </Action>
            </Macro>
            <Macro Name="Sharp Vendor Command 3">
                <Event Name="HdmiCec.Media Center.Vendor Command.01.F1.02.00" />
                <Action>
                    HdmiCec.CecCommand(2, u'TV', 16, 1, u'Vendor Command', u'01 F1 01 00', u'', u'', u'', u'', u'', u'', -1, -1, -1, -1, -1, -1, -1, u'89 01 F1 01 00', -1, 'None', '')
                </Action>
            </Macro>
            <Macro Name="Sharp Vendor Command 1" Expanded="True">
                <Event Name="HdmiCec.Receiver.C2" />
                <Action>
                    EventGhost.PythonScript(u"try:\n    if filter(lambda i: i[0] == 5, eg.plugins.HdmiCec.plugin.devDetails)[0][2] == 'Real':\n        eg.StopMacro()\nexcept:\n    eg.StopMacro()\n    pass")
                </Action>
                <Action>
                    HdmiCec.SetLogicalAddress(3, None, u'Receiver')
                </Action>
                <Action>
                    HdmiCec.Write(u'!x0 C0~')
                </Action>
                <Action>
                    HdmiCec.SetLogicalAddress(1, None, u'Media Center')
                </Action>
            </Macro>
            <Macro Name="Root Menu">
                <Event Name="HdmiCec.Media Center.User Control Pressed.Root Menu" />
                <Action>
                    HdmiCec.CecCommand(2, u'TV', 2, 1, u'Menu Status', u'', u'', u'', u'', u'', u'', u'', 0, -1, -1, -1, -1, -1, -1, '8E 00', -1, 'None', '')
                </Action>
                <Action Name="NOTE: PUT YOUR OSD MENU COMMANDS HERE">
                    EventGhost.Comment()
                </Action>
            </Macro>
            <Macro Name="Setup Menu">
                <Event Name="HdmiCec.Media Center.User Control Pressed.Setup Menu" />
                <Action>
                    Window.SendKeys(u'{Win}', False)
                </Action>
                <Action>
                    Mouse.MoveAbsolute(25, 750)
                </Action>
                <Action>
                    HdmiCec.CecCommand(2, u'TV', 2, 1, u'Menu Status', u'', u'', u'', u'', u'', u'', u'', 0, -1, -1, -1, -1, -1, -1, '8E 00', -1, 'None', '')
                </Action>
            </Macro>
        </Folder>
        <Folder Name="Amp Emulation">
            <Macro Name="Vendor ID">
                <Event Name="HdmiCec.Receiver.Give Device Vendor ID" />
                <Action>
                    EventGhost.PythonScript(u"try:\n    if filter(lambda i: i[0] == 5, eg.plugins.HdmiCec.plugin.devDetails)[0][2] == 'Real':\n        eg.StopMacro()\nexcept:\n    eg.StopMacro()\n    pass")
                </Action>
                <Action>
                    HdmiCec.SetLogicalAddress(3, None, u'Receiver')
                </Action>
                <Action>
                    EventGhost.PythonScript(u"try:\n    if filter(lambda i: i[0] == 0, eg.plugins.HdmiCec.plugin.devDetails)[0][4] == '008045':\n        eg.plugins.HdmiCec.CecCommand(0, u'Broadcast', 16, 0, u'Device Vendor ID', '008045', u'', u'', u'', u'', u'', u'', -1, -1, -1, -1, -1, -1, -1, u'87 008045', -1, 'None', '')\nexcept:\n    pass\neg.plugins.HdmiCec.CecCommand(0, u'Broadcast', 16, 0, u'Device Vendor ID', eg.plugins.HdmiCec.plugin.primary[4], u'', u'', u'', u'', u'', u'', -1, -1, -1, -1, -1, -1, -1, u'87 '+eg.plugins.HdmiCec.plugin.primary[4], -1, 'None', '')")
                </Action>
                <Action>
                    HdmiCec.SetLogicalAddress(1, None, u'Media Center')
                </Action>
            </Macro>
            <Macro Name="OSD Name">
                <Event Name="HdmiCec.Receiver.Give OSD Name" />
                <Action>
                    EventGhost.PythonScript(u"try:\n    if filter(lambda i: i[0] == 5, eg.plugins.HdmiCec.plugin.devDetails)[0][2] == 'Real':\n        eg.StopMacro()\nexcept:\n    eg.StopMacro()\n    pass")
                </Action>
                <Action>
                    HdmiCec.SetLogicalAddress(-1, None, u'Receiver')
                </Action>
                <Action>
                    HdmiCec.CecCommand(1, u'Event Sender', 3, 1, u'Set OSD Name', u'52 65 63 65 69 76 65 72', u'', u'', u'', u'', u'', u'', -1, -1, -1, -1, -1, -1, -1, u'47 52 65 63 65 69 76 65 72', -1, 'None', '')
                </Action>
                <Action>
                    HdmiCec.SetLogicalAddress(1, None, u'Media Center')
                </Action>
                <Action>
                    HdmiCec.CecCommand(1, u'Event Sender', 3, 1, u'Set OSD Name', u'4d 65 64 69 61 20 43 65 6e 74 65 72', u'', u'', u'', u'', u'', u'', -1, -1, -1, -1, -1, -1, -1, u'47 4d 65 64 69 61 20 43 65 6e 74 65 72', -1, 'None', '')
                </Action>
            </Macro>
            <Macro Name="Audio Status">
                <Event Name="HdmiCec.Receiver.Give Audio Status" />
                <Action>
                    EventGhost.PythonScript(u"try:\n    if filter(lambda i: i[0] == 5, eg.plugins.HdmiCec.plugin.devDetails)[0][2] == 'Real':\n        eg.StopMacro()\nexcept:\n    eg.StopMacro()\n    pass")
                </Action>
                <Action>
                    HdmiCec.SetLogicalAddress(3, None, u'Receiver')
                </Action>
                <Action>
                    EventGhost.PythonScript(u"eg.plugins.HdmiCec.CecCommand(1, u'TV', 16, 0, u'Report Audio Status', str(int(eg.plugins.HdmiCec.plugin.lastMute)), str(hex(int(eg.plugins.HdmiCec.plugin.lastVol))[2:]), u'', u'', u'', u'', u'', -1, -1, -1, -1, -1, -1, -1, u'87 '+ str(int(eg.plugins.HdmiCec.plugin.lastMute)) + ' ' + str(hex(int(eg.plugins.HdmiCec.plugin.lastVol))[2:]), -1, 'None', '')\n")
                </Action>
                <Action>
                    HdmiCec.SetLogicalAddress(1, None, u'Media Center')
                </Action>
            </Macro>
            <Macro Name="Audio Mode Status">
                <Event Name="HdmiCec.Receiver.Give System Audio Mode Status" />
                <Action>
                    EventGhost.PythonScript(u"try:\n    if filter(lambda i: i[0] == 5, eg.plugins.HdmiCec.plugin.devDetails)[0][2] == 'Real':\n        eg.StopMacro()\nexcept:\n    eg.StopMacro()\n    pass")
                </Action>
                <Action>
                    HdmiCec.SetLogicalAddress(3, None, u'Receiver')
                </Action>
                <Action>
                    HdmiCec.CecCommand(1, u'Event Sender', 12, 5, u'System Audio Mode Status', u'', u'', u'', u'', u'', u'', u'', 1, -1, -1, -1, -1, -1, -1, '7E 01', -1, 'None', '')
                </Action>
                <Action>
                    HdmiCec.SetLogicalAddress(1, None, u'Media Center')
                </Action>
            </Macro>
            <Macro Name="System Audio Mode On">
                <Event Name="HdmiCec.Receiver.User Control Pressed.Power On Function" />
                <Event Name="HdmiCec.Receiver.System Audio Mode Request.Media Center" />
                <Action>
                    EventGhost.PythonScript(u"try:\n    if filter(lambda i: i[0] == 5, eg.plugins.HdmiCec.plugin.devDetails)[0][2] == 'Real':\n        eg.StopMacro()\nexcept:\n    eg.StopMacro()\n    pass")
                </Action>
                <Action>
                    HdmiCec.SetLogicalAddress(3, None, u'Receiver')
                </Action>
                <Action>
                    HdmiCec.CecCommand(0, u'Broadcast', 12, 2, u'Set System Audio Mode', u'', u'', u'', u'', u'', u'', u'', 1, -1, -1, -1, -1, -1, -1, '72 01', -1, 'None', '')
                </Action>
                <Action>
                    HdmiCec.SetLogicalAddress(1, None, u'Media Center')
                </Action>
            </Macro>
            <Macro Name="System Audio Mode Off">
                <Event Name="HdmiCec.Receiver.System Audio Mode Request" />
                <Action>
                    EventGhost.PythonScript(u"try:\n    if filter(lambda i: i[0] == 5, eg.plugins.HdmiCec.plugin.devDetails)[0][2] == 'Real':\n        eg.StopMacro()\nexcept:\n    eg.StopMacro()\n    pass")
                </Action>
                <Action>
                    HdmiCec.SetLogicalAddress(3, None, u'Receiver')
                </Action>
                <Action>
                    HdmiCec.CecCommand(0, u'Broadcast', 12, 2, u'Set System Audio Mode', u'', u'', u'', u'', u'', u'', u'', 0, -1, -1, -1, -1, -1, -1, '72 00', 0, 'None', '')
                </Action>
                <Action>
                    HdmiCec.SetLogicalAddress(1, None, u'Media Center')
                </Action>
            </Macro>
            <Macro Name="Panasonic Vendor Command 1">
                <Event Name="HdmiCec.Receiver.Vendor Command.10.01.05" />
                <Action>
                    EventGhost.PythonScript(u"try:\n    if filter(lambda i: i[0] == 5, eg.plugins.HdmiCec.plugin.devDetails)[0][2] == 'Real':\n        eg.StopMacro()\nexcept:\n    eg.StopMacro()\n    pass")
                </Action>
                <Action>
                    HdmiCec.SetLogicalAddress(3, None, u'Receiver')
                </Action>
                <Action>
                    HdmiCec.CecCommand(2, u'TV', 16, 1, u'Vendor Command', u'10 02 FF FF 12 05 10 31 32 30 4F 45', u'', u'', u'', u'', u'', u'', -1, -1, -1, -1, -1, -1, -1, u'89 10 02 FF FF 12 05 10 31 32 30 4F 45', -1, 'None', '')
                </Action>
                <Action>
                    HdmiCec.SetLogicalAddress(1, None, u'Media Center')
                </Action>
            </Macro>
            <Macro Name="Panasonic Vendor Command 2">
                <Event Name="HdmiCec.Receiver.Vendor Command With ID.00.80.45.06.05" />
                <Action>
                    EventGhost.PythonScript(u"try:\n    if filter(lambda i: i[0] == 5, eg.plugins.HdmiCec.plugin.devDetails)[0][2] == 'Real':\n        eg.StopMacro()\nexcept:\n    eg.StopMacro()\n    pass")
                </Action>
                <Action>
                    HdmiCec.SetLogicalAddress(3, None, u'Receiver')
                </Action>
                <Action>
                    HdmiCec.CecCommand(2, u'TV', 16, 7, u'Vendor Command With ID', u'00 80 45', u'05 12 05 05 05 00 00 01 07 02 00', u'', u'', u'', u'', u'', -1, -1, -1, -1, -1, -1, -1, u'A0 00 80 45 05 12 05 05 05 00 00 01 07 02 00', -1, 'None', '')
                </Action>
                <Action>
                    HdmiCec.SetLogicalAddress(1, None, u'Media Center')
                </Action>
            </Macro>
            <Macro Name="Panasonic Vendor Command 3">
                <Event Name="HdmiCec.Receiver.Vendor Command.10.78.00.02" />
                <Action>
                    EventGhost.PythonScript(u"try:\n    if filter(lambda i: i[0] == 5, eg.plugins.HdmiCec.plugin.devDetails)[0][2] == 'Real':\n        eg.StopMacro()\nexcept:\n    eg.StopMacro()\n    pass")
                </Action>
                <Action>
                    HdmiCec.SetLogicalAddress(3, None, u'Receiver')
                </Action>
                <Action>
                    HdmiCec.CecCommand(2, u'TV', 16, 1, u'Vendor Command', u'10 79 00 02', u'', u'', u'', u'', u'', u'', -1, -1, -1, -1, -1, -1, -1, u'89 10 79 00 02', -1, 'None', '')
                </Action>
                <Action>
                    HdmiCec.SetLogicalAddress(1, None, u'Media Center')
                </Action>
            </Macro>
            <Macro Name="Panasonic Vendor Command 4">
                <Event Name="HdmiCec.Receiver.Vendor Command.10.73" />
                <Action>
                    EventGhost.PythonScript(u"try:\n    if filter(lambda i: i[0] == 5, eg.plugins.HdmiCec.plugin.devDetails)[0][2] == 'Real':\n        eg.StopMacro()\nexcept:\n    eg.StopMacro()\n    pass")
                </Action>
                <Action>
                    HdmiCec.SetLogicalAddress(3, None, u'Receiver')
                </Action>
                <Action>
                    HdmiCec.CecCommand(2, u'TV', 16, 1, u'Vendor Command', u'10 74 64 17', u'', u'', u'', u'', u'', u'', -1, -1, -1, -1, -1, -1, -1, u'89 10 74 64 17', -1, 'None', '')
                </Action>
                <Action>
                    HdmiCec.SetLogicalAddress(1, None, u'Media Center')
                </Action>
            </Macro>
            <Macro Name="Samsung Vendor Command 1">
                <Event Name="HdmiCec.Receiver.Vendor Command With ID.00.00.F0.23" />
                <Action>
                    EventGhost.PythonScript(u"try:\n    if filter(lambda i: i[0] == 5, eg.plugins.HdmiCec.plugin.devDetails)[0][2] == 'Real':\n        eg.StopMacro()\nexcept:\n    eg.StopMacro()\n    pass")
                </Action>
                <Action>
                    HdmiCec.SetLogicalAddress(3, None, u'Receiver')
                </Action>
                <Action>
                    HdmiCec.CecCommand(1, u'Event Sender', 16, 7, u'Vendor Command With ID', u'00 00 F0', u'24 01 3A 00 00 00', u'', u'', u'', u'', u'', -1, -1, -1, -1, -1, -1, -1, u'A0 00 00 F0 24 01 3A 00 00 00', -1, 'None', '')
                </Action>
                <Action>
                    HdmiCec.SetLogicalAddress(1, None, u'Media Center')
                </Action>
            </Macro>
            <Macro Name="Samsung Vendor Command 2">
                <Event Name="HdmiCec.Receiver.Vendor Command With ID.00.00.F0.21" />
                <Action>
                    EventGhost.PythonScript(u"try:\n    if filter(lambda i: i[0] == 5, eg.plugins.HdmiCec.plugin.devDetails)[0][2] == 'Real':\n        eg.StopMacro()\nexcept:\n    eg.StopMacro()\n    pass")
                </Action>
                <Action>
                    HdmiCec.SetLogicalAddress(3, None, u'Receiver')
                </Action>
                <Action>
                    HdmiCec.CecCommand(1, u'Event Sender', 16, 7, u'Vendor Command With ID', u'00 00 F0', u'22 01 3A 00 00 00', u'', u'', u'', u'', u'', -1, -1, -1, -1, -1, -1, -1, u'A0 00 00 F0 22 01 3A 00 00 00', -1, 'None', '')
                </Action>
                <Action>
                    HdmiCec.SetLogicalAddress(1, None, u'Media Center')
                </Action>
            </Macro>
            <Macro Name="Power Status">
                <Event Name="HdmiCec.Receiver.Give Device Power Status" />
                <Action>
                    EventGhost.PythonScript(u"try:\n    if filter(lambda i: i[0] == 5, eg.plugins.HdmiCec.plugin.devDetails)[0][2] == 'Real':\n        eg.StopMacro()\nexcept:\n    eg.StopMacro()\n    pass")
                </Action>
                <Action>
                    HdmiCec.SetLogicalAddress(3, None, u'Receiver')
                </Action>
                <Action>
                    HdmiCec.CecCommand(1, u'Event Sender', 8, 1, u'Report Power Status', u'', u'', u'', u'', u'', u'', u'', 2, -1, -1, -1, -1, -1, -1, '90 00', -1, 'None', '')
                </Action>
                <Action>
                    HdmiCec.SetLogicalAddress(1, None, u'Media Center')
                </Action>
            </Macro>
            <Macro Name="CEC Version">
                <Event Name="HdmiCec.Receiver.Get CEC Version" />
                <Action>
                    EventGhost.PythonScript(u"try:\n    if filter(lambda i: i[0] == 5, eg.plugins.HdmiCec.plugin.devDetails)[0][2] == 'Real':\n        eg.StopMacro()\nexcept:\n    eg.StopMacro()\n    pass")
                </Action>
                <Action>
                    HdmiCec.SetLogicalAddress(3, None, u'Receiver')
                </Action>
                <Action>
                    HdmiCec.CecCommand(1, u'Event Sender', 16, 5, u'CEC Version', u'', u'', u'', u'', u'', u'', u'', 4, -1, -1, -1, -1, -1, -1, '9E 04', -1, 'None', '')
                </Action>
                <Action>
                    HdmiCec.SetLogicalAddress(1, None, u'Media Center')
                </Action>
            </Macro>
            <Macro Name="Physical Address">
                <Event Name="HdmiCec.Receiver.Give Physical Address" />
                <Action>
                    EventGhost.PythonScript(u"try:\n    if filter(lambda i: i[0] == 5, eg.plugins.HdmiCec.plugin.devDetails)[0][2] == 'Real':\n        eg.StopMacro()\nexcept:\n    eg.StopMacro()\n    pass")
                </Action>
                <Action>
                    HdmiCec.SetLogicalAddress(3, None, u'Receiver')
                </Action>
                <Action>
                    EventGhost.PythonScript(u"eg.plugins.HdmiCec.CecCommand(0, u'Broadcast', 16, 0, u'Report Physical Address', eg.plugins.HdmiCec.plugin.primary[1]+' 05', u'', u'', u'', u'', u'', u'', -1, -1, -1, -1, -1, -1, -1, u'84 '+eg.plugins.HdmiCec.plugin.primary[1]+' 05', -1, 'None', '')")
                </Action>
                <Action>
                    HdmiCec.SetLogicalAddress(1, None, u'Media Center')
                </Action>
            </Macro>
        </Folder>
    </Folder>
</EventGhost>