<?xml version="1.0" encoding="UTF-8" ?>
<EventGhost Version="1700" Guid="{B94659D2-7F29-4971-8C96-0CEE90A5FEBE}" Time="1463319350.92">
    <Autostart Name="Autostart">
        <Plugin Identifier="Webserver" Guid="{E4305D8E-A3D3-4672-B06E-4EA1F0F6C673}" File="Webserver">
            gAIoWAQAAABIVFRQcQBNkB9YAAAAAHEBWAoAAABFdmVudEdob3N0cQJoAWgBfXEDiFgBAAAALHEEWAIAAAA7O3EFaAFoAYh0cQYu
        </Plugin>
        <Plugin Identifier="VirtualHouse" Guid="{97E1A82A-986F-4804-8E0E-E4BB88B1C569}" File="VirtualHouse">
            gAJYCQAAADEyNy4wLjAuMXEATYgTWAAAAABxAYdxAi4=
        </Plugin>
    </Autostart>
    <Folder Name="OnInit">
        <Macro Name="Disable system idle timer">
            <Event Name="Main.OnInit" />
            <Action>
                System.SetSystemIdleTimer(False)
            </Action>
        </Macro>
    </Folder>
    <Folder Name="Root">
        <Folder Name="Webserver/Websocket demo" Expanded="True">
            <Folder Name="Event base control">
                <Macro Name="Broadcast message">
                    <Event Name="VirtualHouse.ToggleLight.*" />
                    <Event Name="VirtualHouse.SetTemperature.*" />
                    <Event Name="VirtualHouse.SetLight.*" />
                    <Event Name="VirtualHouse.AllLights.*" />
                    <Action>
                        Webserver.WsBroadcastData(u'{eg.event.suffix.split(".")[0]}', u'{eg.event.payload}', u'', None, None)
                    </Action>
                </Macro>
                <Macro Name="Show OSD: {eg.event.payload[1]}">
                    <Event Name="HTTP.Show_OSD" />
                    <Action>
                        EventGhost.ShowOSD(u'{eg.event.payload[1]}', u'0;-48;0;0;0;700;0;0;0;238;3;2;1;66;Comic Sans MS', (237, 126, 245), (0, 0, 0), 4, (0, 0), 0, 5.0, True)
                    </Action>
                </Macro>
                <Macro Name="Trigger event after1.50 seconds">
                    <Event Name="VirtualHouse.Opened" />
                    <Action>
                        EventGhost.TriggerEvent(u'VH.Opened', 1.5)
                    </Action>
                </Macro>
                <Macro Name="Broadcast message">
                    <Event Name="Main.VH.Opened" />
                    <Event Name="VirtualHouse.UnitChanged" />
                    <Event Name="VirtualHouse.State" />
                    <Action>
                        VirtualHouse.GetState()
                    </Action>
                    <Action>
                        Webserver.WsBroadcastData(u'State', u'{eg.result}', u'{eg.result != None}', None, None)
                    </Action>
                </Macro>
                <Macro Name="Broadcast message">
                    <Event Name="VirtualHouse.Closed" />
                    <Action>
                        Webserver.WsBroadcastData(u'{eg.event.suffix}', u'{eg.event.payload}', u'', None, None)
                    </Action>
                </Macro>
                <Macro Name="Webserver: Send data: {eg.event.payload[0]}: State">
                    <Event Name="HTTP.VH_GetState" />
                    <Action>
                        VirtualHouse.GetState()
                    </Action>
                    <Action>
                        Webserver.WsSendData('127.0.0.1', '1234', 1, u'State', u'{eg.result}', None, u'{eg.result != None}', None)
                    </Action>
                </Macro>
            </Folder>
            <Folder Name="PERSISTENT VARIABLES">
                <Macro Name="Init" Expanded="True">
                    <Event Name="HTTP.Started" />
                    <Action>
                        Webserver.SetPersistentValue(u'testBool', u'True', False, False, 0)
                    </Action>
                    <Action>
                        Webserver.SetPersistentValue(u'testInt', u'321', False, False, 0)
                    </Action>
                    <Action>
                        Webserver.SetPersistentValue(u'testText', u'Webserver with WebSocket', False, False, 0)
                    </Action>
                </Macro>
                <Macro Name="Webserver: Send values: {eg.event.payload[0]}: var0,var1" Expanded="True">
                    <Event Name="HTTP.WsClientConnected" />
                    <Action>
                        Webserver.SendValue('127.0.0.1', '1234', 1, u'testInt, testBool, testText', None, u'', None)
                    </Action>
                </Macro>
                <Folder Name="Boolean variable">
                    <Macro Name="Get value">
                        <Event Name="HTTP.ValueChanged.testBool" />
                        <Action>
                            Webserver.BroadcastValue(u'testBool', None, u'', None)
                        </Action>
                    </Macro>
                </Folder>
                <Folder Name="Integer variable">
                    <Macro Name="Increment integer value">
                        <Event Name="HTTP.UP" />
                        <Action>
                            Webserver.GetPersistentValue(u'testInt', False)
                        </Action>
                        <Action>
                            Webserver.SetPersistentValue(u'testInt', u'{str(int(eg.result) + 1)}', False, False, 1)
                        </Action>
                        <Action>
                            Webserver.BroadcastValue(u'testInt', None, u'', None)
                        </Action>
                    </Macro>
                    <Macro Name="Decrement integer value">
                        <Event Name="HTTP.DOWN" />
                        <Action>
                            Webserver.GetPersistentValue(u'testInt', False)
                        </Action>
                        <Action>
                            Webserver.SetPersistentValue(u'testInt', u'{str(int(eg.result) - 1)}', False, False)
                        </Action>
                        <Action>
                            Webserver.BroadcastValue(u'testInt', None, u'', None)
                        </Action>
                    </Macro>
                </Folder>
                <Folder Name="Text variable">
                    <Macro Name="Get value">
                        <Event Name="HTTP.ValueChanged.testText" />
                        <Action>
                            Webserver.BroadcastValue(u'testText', None, u'', None)
                        </Action>
                    </Macro>
                </Folder>
            </Folder>
        </Folder>
        <Folder Name="Virtual House">
            <Macro Name='Virtual House: Launch the application "Virtual house"'>
                <Event Name="HTTP.StartApp" />
                <Action>
                    VirtualHouse.StartApp()
                </Action>
            </Macro>
            <Macro Name="Virtual House: All lights turn on">
                <Event Name="HTTP.VH_AllLightOn" />
                <Action>
                    VirtualHouse.SetAllLightsOn()
                </Action>
                <Action>
                    EventGhost.PythonCommand(u'print eg.result')
                </Action>
            </Macro>
            <Macro Name="Virtual House: All lights turn off">
                <Event Name="HTTP.VH_AllLightOff" />
                <Action>
                    VirtualHouse.SetAllLightsOff()
                </Action>
                <Action>
                    EventGhost.PythonCommand(u'print eg.result')
                </Action>
            </Macro>
            <Macro Name="Virtual House: Toggle light">
                <Event Name="HTTP.VH_ToggleLight.*" />
                <Action>
                    VirtualHouse.ToggleLight(u'{int(eg.event.suffix.split(".")[1])}', False)
                </Action>
            </Macro>
            <Macro Name="Virtual House: Temperature up">
                <Event Name="HTTP.VH_TemprUp.*" />
                <Action>
                    VirtualHouse.TemperatureUp(u'{int(eg.event.suffix.split(".")[1])}', False)
                </Action>
            </Macro>
            <Macro Name="Virtual House: Temperature down">
                <Event Name="HTTP.VH_TemprDown.*" />
                <Action>
                    VirtualHouse.TemperatureDown(u'{int(eg.event.suffix.split(".")[1])}', False)
                </Action>
            </Macro>
            <Macro Name="Virtual House: Open control panel">
                <Action>
                    VirtualHouse.ShowControlPanel()
                </Action>
            </Macro>
            <Macro Name="Virtual House: Hide control panel">
                <Action>
                    VirtualHouse.HideControlPanel()
                </Action>
            </Macro>
        </Folder>
    </Folder>
</EventGhost>
