<?xml version="1.0" encoding="UTF-8" ?>
<EventGhost Version="1544" Guid="{0A6205D7-120B-48F1-993A-6D7471B07F5C}" Time="1329293725.5">
    <Autostart Name="Autostart" />
    <Folder Name="SlideShow" Expanded="True">
        <Macro Name="Display Image: D:\Data\Pictures\SW-big.jpg" Expanded="True">
            <Event Name="SlideShow.Next" />
            <Action>
                System.DisplayImage(u'{eg.event.payload[0]}', 1, 1, True, True, 0, True, 4, u'{eg.event.payload[1]}', -1, 5, 5, 640, 480, (94, 47, 0), True, False, True)
            </Action>
        </Macro>
        <Macro Name="SlideShow Start/Stop" Expanded="True">
            <Event Name="SlideShow.Stop" />
            <Event Name="System.DisplayImage.RightClick" />
            <Action Name="Here may be an event that starts slideshow">
                EventGhost.Comment()
            </Action>
            <Action>
                EventGhost.PythonScript(u'period     = 10.0\nextensions = (".bmp",".jpg",".png",".gif",".tif")\nfolder     = r"D:\\Data\\Pictures"\n\nimport os\ndirList = os.listdir(folder)\neg.globals.dirList = [fp for fp in dirList if os.path.splitext(os.path.split(fp)[1])[1].lower() in extensions]\neg.globals.dirListIndex = -1\nSTOP = eg.event.suffix == "Stop" or eg.event.suffix == "RightClick"\nif not STOP:\n    def ScheduleDisplayImage():\n        def NextImg():\n            eg.globals.dirListIndex += 1\n            if eg.globals.dirListIndex &gt;= len(eg.globals.dirList):\n                eg.globals.dirListIndex = 0\n            return os.path.join(folder, eg.globals.dirList[eg.globals.dirListIndex])\n        if not STOP:\n            img = NextImg()\n            flnm = unicode(img.decode(eg.systemEncoding))\n            eg.TriggerEvent("Next", prefix="SlideShow",payload = (flnm, period))\n            eg.scheduler.AddTask(period, eg.globals.scheduleDisplayImage)\n\n    if eg.globals.dirList:\n        eg.globals.scheduleDisplayImage = ScheduleDisplayImage\n        eg.globals.scheduleDisplayImage()')
            </Action>
        </Macro>
        <Macro Name="Stop slideshow" Expanded="True">
            <Action Name="Here may be an event that stops slideshow">
                EventGhost.Comment()
            </Action>
            <Action>
                EventGhost.PythonCommand(u'eg.TriggerEvent("Stop", prefix="SlideShow")')
            </Action>
        </Macro>
    </Folder>
</EventGhost>
