<?xml version="1.0" encoding="UTF-8" ?>
<EventGhost Name="Configuration Tree" Expanded="True" Version="1262" Guid="{141C0867-D1C9-4A41-8395-9BF0F771A909}" Time="1263700505.88">
    <Autostart Name="Autostart" Expanded="True">
        <Plugin File="XBMC" Identifier="XBMC">
            gAIpLg==
        </Plugin>
        <Action Enabled="False">
            System.Execute(u'C:\\Program Files\\XBMC\\XBMC.exe', u'-fs -p', 0, False, 2, u'C:\\Program Files\\XBMC')
        </Action>
        <Plugin File="Remote Touch DS (Buttons)" Identifier="RTDS">
            gAJNYR5YBAAAAFJURFNxAIZxAS4=
        </Plugin>
        <Plugin File="Remote Touch DS (Mouse)" Identifier="BroadcastListener">
            gAJYCQAAAFJURFNNb3VzZXEATWEehnEBLg==
        </Plugin>
    </Autostart>
    <Folder Name="XBMC">
        <Macro Name="Up">
            <Event Name="RTDS.Up_Touch" />
            <Event Name="RTDS.Up_Media" />
            <Action>
                XBMC.Up()
            </Action>
            <Action>
                EventGhost.AutoRepeat(0.59999999999999998, 0.29999999999999999, 0.01, 3.0)
            </Action>
        </Macro>
        <Macro Name="Down">
            <Event Name="RTDS.Down_Touch" />
            <Event Name="RTDS.Down_Media" />
            <Action>
                XBMC.Down()
            </Action>
            <Action>
                EventGhost.AutoRepeat(0.59999999999999998, 0.29999999999999999, 0.01, 3.0)
            </Action>
        </Macro>
        <Macro Name="Left">
            <Event Name="RTDS.Left_Touch" />
            <Event Name="RTDS.Left_Media" />
            <Action>
                XBMC.Left()
            </Action>
            <Action>
                EventGhost.AutoRepeat(0.59999999999999998, 0.29999999999999999, 0.01, 3.0)
            </Action>
        </Macro>
        <Macro Name="Right">
            <Event Name="RTDS.Right_Touch" />
            <Event Name="RTDS.Right_Media" />
            <Action>
                XBMC.Right()
            </Action>
            <Action>
                EventGhost.AutoRepeat(0.59999999999999998, 0.29999999999999999, 0.01, 3.0)
            </Action>
        </Macro>
        <Macro Name="Page Up">
            <Action>
                XBMC.PageUp()
            </Action>
        </Macro>
        <Macro Name="Page Down">
            <Action>
                XBMC.PageDown()
            </Action>
        </Macro>
        <Macro Name="Select">
            <Event Name="RTDS.A_Touch" />
            <Event Name="RTDS.A_Media" />
            <Action>
                XBMC.Select()
            </Action>
        </Macro>
        <Macro Name="Previous Menu">
            <Event Name="RTDS.Y_Touch" />
            <Action>
                XBMC.PreviousMenu()
            </Action>
        </Macro>
        <Macro Name="Context Menu">
            <Event Name="RTDS.X_Touch" />
            <Action>
                XBMC.ContextMenu()
            </Action>
        </Macro>
        <Macro Name="Play">
            <Event Name="RTDS.Play/Pause" />
            <Action>
                XBMC.Play()
            </Action>
        </Macro>
        <Macro Name="Pause">
            <Event Name="RTDS.Play/Pause" />
            <Action>
                XBMC.Pause()
            </Action>
        </Macro>
        <Macro Name="Stop">
            <Event Name="RTDS.Stop" />
            <Action>
                XBMC.Stop()
            </Action>
        </Macro>
        <Macro Name="Fast Forward">
            <Event Name="RTDS.Next" />
            <Action>
                XBMC.FastForward()
            </Action>
            <Action>
                EventGhost.AutoRepeat(0.59999999999999998, 0.29999999999999999, 0.01, 3.0)
            </Action>
        </Macro>
        <Macro Name="Rewind">
            <Event Name="RTDS.Previous" />
            <Action>
                XBMC.Rewind()
            </Action>
            <Action>
                EventGhost.AutoRepeat(0.59999999999999998, 0.29999999999999999, 0.01, 3.0)
            </Action>
        </Macro>
        <Macro Name="Skip Next">
            <Action>
                XBMC.SkipNext()
            </Action>
        </Macro>
        <Macro Name="Skip Previous">
            <Action>
                XBMC.SkipPrevious()
            </Action>
        </Macro>
        <Macro Name="Record">
            <Action>
                XBMC.Record()
            </Action>
        </Macro>
        <Macro Name="Big Skip Backward">
            <Action>
                XBMC.BigSkipBackward()
            </Action>
        </Macro>
        <Macro Name="Big Skip Forward">
            <Action>
                XBMC.BigSkipForward()
            </Action>
        </Macro>
        <Macro Name="Small Skip Backward">
            <Action>
                XBMC.SmallSkipBackward()
            </Action>
        </Macro>
        <Macro Name="Small Skip Forward">
            <Action>
                XBMC.SmallSkipForward()
            </Action>
        </Macro>
        <Macro Name="Aspect Ratio">
            <Action>
                XBMC.AspectRatio()
            </Action>
        </Macro>
        <Macro Name="Codec Info">
            <Action>
                XBMC.CodecInfo()
            </Action>
        </Macro>
        <Macro Name="Full Screen">
            <Action>
                XBMC.FullScreen()
            </Action>
        </Macro>
        <Macro Name="Repeat">
            <Action>
                XBMC.Repeat()
            </Action>
        </Macro>
        <Macro Name="Show Subtitles">
            <Action>
                XBMC.ShowSubtitles()
            </Action>
        </Macro>
        <Macro Name="Show OSD">
            <Action>
                XBMC.OSD()
            </Action>
        </Macro>
        <Macro Name="Show Time">
            <Action>
                XBMC.ShowTime()
            </Action>
        </Macro>
        <Macro Name="Volume Up">
            <Event Name="RTDS.Volume_Up" />
            <Action>
                XBMC.VolumeUp()
            </Action>
        </Macro>
        <Macro Name="Volume Down">
            <Event Name="RTDS.Volume_Down" />
            <Action>
                XBMC.VolumeDown()
            </Action>
        </Macro>
        <Macro Name="Mute">
            <Event Name="RTDS.Volume_Mute" />
            <Action>
                XBMC.Mute()
            </Action>
        </Macro>
        <Macro Name="Scroll Up">
            <Action>
                XBMC.ScrollUp()
            </Action>
        </Macro>
        <Macro Name="Scroll Down">
            <Action>
                XBMC.ScrollDown()
            </Action>
        </Macro>
        <Macro Name="Close">
            <Action>
                XBMC.Close()
            </Action>
        </Macro>
        <Macro Name="Number 0">
            <Event Name="RTDS.0" />
            <Action>
                XBMC.Number0()
            </Action>
        </Macro>
        <Macro Name="Number 1">
            <Event Name="RTDS.1" />
            <Action>
                XBMC.Number1()
            </Action>
        </Macro>
        <Macro Name="Number 2">
            <Event Name="RTDS.2" />
            <Action>
                XBMC.Number2()
            </Action>
        </Macro>
        <Macro Name="Number 3">
            <Event Name="RTDS.3" />
            <Action>
                XBMC.Number3()
            </Action>
        </Macro>
        <Macro Name="Number 4">
            <Event Name="RTDS.4" />
            <Action>
                XBMC.Number4()
            </Action>
        </Macro>
        <Macro Name="Number 5">
            <Event Name="RTDS.5" />
            <Action>
                XBMC.Number5()
            </Action>
        </Macro>
        <Macro Name="Number 6">
            <Event Name="RTDS.6" />
            <Action>
                XBMC.Number6()
            </Action>
        </Macro>
        <Macro Name="Number 7">
            <Event Name="RTDS.7" />
            <Action>
                XBMC.Number7()
            </Action>
        </Macro>
        <Macro Name="Number 8">
            <Event Name="RTDS.8" />
            <Action>
                XBMC.Number8()
            </Action>
        </Macro>
        <Macro Name="Number 9">
            <Event Name="RTDS.9" />
            <Action>
                XBMC.Number9()
            </Action>
        </Macro>
        <Macro Name="Playlist">
            <Action>
                XBMC.Playlist()
            </Action>
        </Macro>
        <Macro Name="Queue">
            <Action>
                XBMC.Queue()
            </Action>
        </Macro>
        <Macro Name="Move Item Up">
            <Action>
                XBMC.MoveItemUp()
            </Action>
        </Macro>
        <Macro Name="Move Item Down">
            <Action>
                XBMC.MoveItemDown()
            </Action>
        </Macro>
        <Macro Name="Delete">
            <Action>
                XBMC.Delete()
            </Action>
        </Macro>
        <Macro Name="Random">
            <Action>
                XBMC.Random()
            </Action>
        </Macro>
        <Macro Name="Repeat">
            <Action>
                XBMC.Repeat()
            </Action>
        </Macro>
        <Macro Name="Party Mode">
            <Action>
                XBMC.PartyMode()
            </Action>
        </Macro>
        <Macro Name="Parent Dir">
            <Event Name="RTDS.B_Touch" />
            <Event Name="RTDS.B_Media" />
            <Action>
                XBMC.ParentDir()
            </Action>
        </Macro>
        <Macro Name="Info">
            <Action>
                XBMC.Info()
            </Action>
        </Macro>
        <Macro Name="Take Screen Shot">
            <Action>
                XBMC.TakeScreenShot()
            </Action>
        </Macro>
        <Macro Name="Eject Tray">
            <Action>
                XBMC.EjectTray()
            </Action>
        </Macro>
        <Macro Name="Play DVD">
            <Action>
                XBMC.PlayDVD()
            </Action>
        </Macro>
        <Macro Name="Show Home Screen">
            <Action>
                XBMC.Home()
            </Action>
        </Macro>
        <Macro Name="Show Videos Screen">
            <Action>
                XBMC.MyVideos()
            </Action>
        </Macro>
        <Macro Name="Show Music Screen">
            <Action>
                XBMC.MyMusic()
            </Action>
        </Macro>
        <Macro Name="Show Pictures Screen">
            <Action>
                XBMC.MyPictures()
            </Action>
        </Macro>
        <Macro Name="Show Movies Screen">
            <Action>
                XBMC.MyMovies()
            </Action>
        </Macro>
        <Macro Name="Show TV Shows Screen">
            <Action>
                XBMC.MyTVShows()
            </Action>
        </Macro>
        <Macro Name="Show Weather Screen">
            <Action>
                XBMC.Weather()
            </Action>
        </Macro>
        <Macro Name="Show Settings Screen">
            <Action>
                XBMC.Settings()
            </Action>
        </Macro>
        <Macro Name="Show Favorites Screen">
            <Action>
                XBMC.Favorites()
            </Action>
        </Macro>
        <Macro Name="Show System Info Screen">
            <Action>
                XBMC.SystemInfo()
            </Action>
        </Macro>
        <Macro Name="Last FM Love">
            <Action>
                XBMC.LastFMLove()
            </Action>
        </Macro>
        <Macro Name="Last FM Ban">
            <Action>
                XBMC.LastFMBan()
            </Action>
        </Macro>
        <Macro Name="Update Video Library">
            <Action>
                XBMC.UpdateVideoLibrary()
            </Action>
        </Macro>
        <Macro Name="Update Music Library">
            <Action>
                XBMC.UpdateMusicLibrary()
            </Action>
        </Macro>
        <Macro Name="Show Shutdown Menu">
            <Action>
                XBMC.ShutdownMenu()
            </Action>
        </Macro>
        <Macro Name="Quit XBMC">
            <Event Name="RTDS.Shutdown" />
            <Action>
                XBMC.Quit()
            </Action>
        </Macro>
        <Macro Name="Shutdown Computer">
            <Action>
                XBMC.Shutdown()
            </Action>
        </Macro>
        <Macro Name="Powerdown Computer">
            <Action>
                XBMC.Powerdown()
            </Action>
        </Macro>
        <Macro Name="Suspend Computer">
            <Action>
                XBMC.Suspend()
            </Action>
        </Macro>
        <Macro Name="Hibernate Computer">
            <Action>
                XBMC.Hibernate()
            </Action>
        </Macro>
        <Macro Name="Reset Computer">
            <Action>
                XBMC.Reset()
            </Action>
        </Macro>
    </Folder>
    <Folder Name="Mouse Movement" Expanded="True">
        <Macro Name="Left mouse button">
            <Event Name="RTDS.L_Touch" />
            <Action>
                Mouse.LeftButton()
            </Action>
        </Macro>
        <Macro Name="Right mouse button">
            <Event Name="RTDS.R_Touch" />
            <Action>
                Mouse.RightButton()
            </Action>
        </Macro>
        <Folder Name="X Axis +">
            <Macro Name="Change Mouse position by x:1, y:None">
                <Event Name="RTDSMouse.X1" />
                <Action>
                    Mouse.MoveRelative(1, None)
                </Action>
            </Macro>
            <Macro Name="Change Mouse position by x:2, y:None">
                <Event Name="RTDSMouse.X2" />
                <Action>
                    Mouse.MoveRelative(2, None)
                </Action>
            </Macro>
            <Macro Name="Change Mouse position by x:3, y:None">
                <Event Name="RTDSMouse.X3" />
                <Action>
                    Mouse.MoveRelative(3, None)
                </Action>
            </Macro>
            <Macro Name="Change Mouse position by x:4, y:None">
                <Event Name="RTDSMouse.X4" />
                <Action>
                    Mouse.MoveRelative(4, None)
                </Action>
            </Macro>
            <Macro Name="Change Mouse position by x:5, y:None">
                <Event Name="RTDSMouse.X5" />
                <Action>
                    Mouse.MoveRelative(5, None)
                </Action>
            </Macro>
            <Macro Name="Change Mouse position by x:6, y:None">
                <Event Name="RTDSMouse.X6" />
                <Action>
                    Mouse.MoveRelative(6, None)
                </Action>
            </Macro>
            <Macro Name="Change Mouse position by x:7, y:None">
                <Event Name="RTDSMouse.X7" />
                <Action>
                    Mouse.MoveRelative(7, None)
                </Action>
            </Macro>
            <Macro Name="Change Mouse position by x:8, y:None">
                <Event Name="RTDSMouse.X8" />
                <Action>
                    Mouse.MoveRelative(8, None)
                </Action>
            </Macro>
            <Macro Name="Change Mouse position by x:9, y:None">
                <Event Name="RTDSMouse.X9" />
                <Action>
                    Mouse.MoveRelative(9, None)
                </Action>
            </Macro>
            <Macro Name="Change Mouse position by x:10, y:None">
                <Event Name="RTDSMouse.X10" />
                <Action>
                    Mouse.MoveRelative(10, None)
                </Action>
            </Macro>
            <Macro Name="Change Mouse position by x:11, y:None">
                <Event Name="RTDSMouse.X11" />
                <Action>
                    Mouse.MoveRelative(11, None)
                </Action>
            </Macro>
            <Macro Name="Change Mouse position by x:12, y:None">
                <Event Name="RTDSMouse.X12" />
                <Action>
                    Mouse.MoveRelative(12, None)
                </Action>
            </Macro>
            <Macro Name="Change Mouse position by x:13, y:None">
                <Event Name="RTDSMouse.X13" />
                <Action>
                    Mouse.MoveRelative(13, None)
                </Action>
            </Macro>
            <Macro Name="Change Mouse position by x:14, y:None">
                <Event Name="RTDSMouse.X14" />
                <Action>
                    Mouse.MoveRelative(14, None)
                </Action>
            </Macro>
            <Macro Name="Change Mouse position by x:15, y:None">
                <Event Name="RTDSMouse.X15" />
                <Action>
                    Mouse.MoveRelative(15, None)
                </Action>
            </Macro>
            <Macro Name="Change Mouse position by x:16, y:None">
                <Event Name="RTDSMouse.X16" />
                <Action>
                    Mouse.MoveRelative(16, None)
                </Action>
            </Macro>
            <Macro Name="Change Mouse position by x:17, y:None">
                <Event Name="RTDSMouse.X17" />
                <Action>
                    Mouse.MoveRelative(17, None)
                </Action>
            </Macro>
            <Macro Name="Change Mouse position by x:18, y:None">
                <Event Name="RTDSMouse.X18" />
                <Action>
                    Mouse.MoveRelative(18, None)
                </Action>
            </Macro>
            <Macro Name="Change Mouse position by x:19, y:None">
                <Event Name="RTDSMouse.X19" />
                <Action>
                    Mouse.MoveRelative(19, None)
                </Action>
            </Macro>
            <Macro Name="Change Mouse position by x:20, y:None">
                <Event Name="RTDSMouse.X20" />
                <Action>
                    Mouse.MoveRelative(20, None)
                </Action>
            </Macro>
            <Macro Name="Change Mouse position by x:21, y:None">
                <Event Name="RTDSMouse.X21" />
                <Action>
                    Mouse.MoveRelative(21, None)
                </Action>
            </Macro>
            <Macro Name="Change Mouse position by x:22, y:None">
                <Event Name="RTDSMouse.X22" />
                <Action>
                    Mouse.MoveRelative(22, None)
                </Action>
            </Macro>
            <Macro Name="Change Mouse position by x:23, y:None">
                <Event Name="RTDSMouse.X23" />
                <Action>
                    Mouse.MoveRelative(23, None)
                </Action>
            </Macro>
            <Macro Name="Change Mouse position by x:24, y:None">
                <Event Name="RTDSMouse.X24" />
                <Action>
                    Mouse.MoveRelative(24, None)
                </Action>
            </Macro>
            <Macro Name="Change Mouse position by x:25, y:None">
                <Event Name="RTDSMouse.X25" />
                <Action>
                    Mouse.MoveRelative(25, None)
                </Action>
            </Macro>
            <Macro Name="Change Mouse position by x:26, y:None">
                <Event Name="RTDSMouse.X26" />
                <Action>
                    Mouse.MoveRelative(26, None)
                </Action>
            </Macro>
            <Macro Name="Change Mouse position by x:27, y:None">
                <Event Name="RTDSMouse.X27" />
                <Action>
                    Mouse.MoveRelative(27, None)
                </Action>
            </Macro>
            <Macro Name="Change Mouse position by x:28, y:None">
                <Event Name="RTDSMouse.X28" />
                <Action>
                    Mouse.MoveRelative(28, None)
                </Action>
            </Macro>
            <Macro Name="Change Mouse position by x:29, y:None">
                <Event Name="RTDSMouse.X29" />
                <Action>
                    Mouse.MoveRelative(29, None)
                </Action>
            </Macro>
        </Folder>
        <Folder Name="Y Axis +">
            <Macro Name="Change Mouse position by y:1, x:None">
                <Event Name="RTDSMouse.Y1" />
                <Action>
                    Mouse.MoveRelative(None, 1)
                </Action>
            </Macro>
            <Macro Name="Change Mouse position by y:2, x:None">
                <Event Name="RTDSMouse.Y2" />
                <Action>
                    Mouse.MoveRelative(None, 2)
                </Action>
            </Macro>
            <Macro Name="Change Mouse position by y:3, x:None">
                <Event Name="RTDSMouse.Y3" />
                <Action>
                    Mouse.MoveRelative(None, 3)
                </Action>
            </Macro>
            <Macro Name="Change Mouse position by y:4, x:None">
                <Event Name="RTDSMouse.Y4" />
                <Action>
                    Mouse.MoveRelative(None, 4)
                </Action>
            </Macro>
            <Macro Name="Change Mouse position by y:5, x:None">
                <Event Name="RTDSMouse.Y5" />
                <Action>
                    Mouse.MoveRelative(None, 5)
                </Action>
            </Macro>
            <Macro Name="Change Mouse position by y:6, x:None">
                <Event Name="RTDSMouse.Y6" />
                <Action>
                    Mouse.MoveRelative(None, 6)
                </Action>
            </Macro>
            <Macro Name="Change Mouse position by y:7, x:None">
                <Event Name="RTDSMouse.Y7" />
                <Action>
                    Mouse.MoveRelative(None, 7)
                </Action>
            </Macro>
            <Macro Name="Change Mouse position by y:8, x:None">
                <Event Name="RTDSMouse.Y8" />
                <Action>
                    Mouse.MoveRelative(None, 8)
                </Action>
            </Macro>
            <Macro Name="Change Mouse position by y:9, x:None">
                <Event Name="RTDSMouse.Y9" />
                <Action>
                    Mouse.MoveRelative(None, 9)
                </Action>
            </Macro>
            <Macro Name="Change Mouse position by y:10, x:None">
                <Event Name="RTDSMouse.Y10" />
                <Action>
                    Mouse.MoveRelative(None, 10)
                </Action>
            </Macro>
            <Macro Name="Change Mouse position by y:11, x:None">
                <Event Name="RTDSMouse.Y11" />
                <Action>
                    Mouse.MoveRelative(None, 11)
                </Action>
            </Macro>
            <Macro Name="Change Mouse position by y:12, x:None">
                <Event Name="RTDSMouse.Y12" />
                <Action>
                    Mouse.MoveRelative(None, 12)
                </Action>
            </Macro>
            <Macro Name="Change Mouse position by y:13, x:None">
                <Event Name="RTDSMouse.Y13" />
                <Action>
                    Mouse.MoveRelative(None, 13)
                </Action>
            </Macro>
            <Macro Name="Change Mouse position by y:14, x:None">
                <Event Name="RTDSMouse.Y14" />
                <Action>
                    Mouse.MoveRelative(None, 14)
                </Action>
            </Macro>
            <Macro Name="Change Mouse position by y:15, x:None">
                <Event Name="RTDSMouse.Y15" />
                <Action>
                    Mouse.MoveRelative(None, 15)
                </Action>
            </Macro>
            <Macro Name="Change Mouse position by y:16, x:None">
                <Event Name="RTDSMouse.Y16" />
                <Action>
                    Mouse.MoveRelative(None, 16)
                </Action>
            </Macro>
            <Macro Name="Change Mouse position by y:17, x:None">
                <Event Name="RTDSMouse.Y17" />
                <Action>
                    Mouse.MoveRelative(None, 17)
                </Action>
            </Macro>
            <Macro Name="Change Mouse position by y:18, x:None">
                <Event Name="RTDSMouse.Y18" />
                <Action>
                    Mouse.MoveRelative(None, 18)
                </Action>
            </Macro>
            <Macro Name="Change Mouse position by y:19, x:None">
                <Event Name="RTDSMouse.Y19" />
                <Action>
                    Mouse.MoveRelative(None, 19)
                </Action>
            </Macro>
            <Macro Name="Change Mouse position by y:20, x:None">
                <Event Name="RTDSMouse.Y20" />
                <Action>
                    Mouse.MoveRelative(None, 20)
                </Action>
            </Macro>
            <Macro Name="Change Mouse position by y:21, x:None">
                <Event Name="RTDSMouse.Y21" />
                <Action>
                    Mouse.MoveRelative(None, 21)
                </Action>
            </Macro>
            <Macro Name="Change Mouse position by y:22, x:None">
                <Event Name="RTDSMouse.Y22" />
                <Action>
                    Mouse.MoveRelative(None, 22)
                </Action>
            </Macro>
            <Macro Name="Change Mouse position by y:23, x:None">
                <Event Name="RTDSMouse.Y23" />
                <Action>
                    Mouse.MoveRelative(None, 23)
                </Action>
            </Macro>
            <Macro Name="Change Mouse position by y:24, x:None">
                <Event Name="RTDSMouse.Y24" />
                <Action>
                    Mouse.MoveRelative(None, 24)
                </Action>
            </Macro>
            <Macro Name="Change Mouse position by y:25, x:None">
                <Event Name="RTDSMouse.Y25" />
                <Action>
                    Mouse.MoveRelative(None, 25)
                </Action>
            </Macro>
            <Macro Name="Change Mouse position by y:26, x:None">
                <Event Name="RTDSMouse.Y26" />
                <Action>
                    Mouse.MoveRelative(None, 26)
                </Action>
            </Macro>
            <Macro Name="Change Mouse position by y:27, x:None">
                <Event Name="RTDSMouse.Y27" />
                <Action>
                    Mouse.MoveRelative(None, 27)
                </Action>
            </Macro>
            <Macro Name="Change Mouse position by y:28, x:None">
                <Event Name="RTDSMouse.Y28" />
                <Action>
                    Mouse.MoveRelative(None, 28)
                </Action>
            </Macro>
            <Macro Name="Change Mouse position by y:29, x:None">
                <Event Name="RTDSMouse.Y29" />
                <Action>
                    Mouse.MoveRelative(None, 29)
                </Action>
            </Macro>
        </Folder>
        <Folder Name="X Axis -">
            <Macro Name="Change Mouse position by x:-1, y:None">
                <Event Name="RTDSMouse.X-1" />
                <Action>
                    Mouse.MoveRelative(-1, None)
                </Action>
            </Macro>
            <Macro Name="Change Mouse position by x:-2, y:None">
                <Event Name="RTDSMouse.X-2" />
                <Action>
                    Mouse.MoveRelative(-2, None)
                </Action>
            </Macro>
            <Macro Name="Change Mouse position by x:-3, y:None">
                <Event Name="RTDSMouse.X-3" />
                <Action>
                    Mouse.MoveRelative(-3, None)
                </Action>
            </Macro>
            <Macro Name="Change Mouse position by x:-4, y:None">
                <Event Name="RTDSMouse.X-4" />
                <Action>
                    Mouse.MoveRelative(-4, None)
                </Action>
            </Macro>
            <Macro Name="Change Mouse position by x:-5, y:None">
                <Event Name="RTDSMouse.X-5" />
                <Action>
                    Mouse.MoveRelative(-5, None)
                </Action>
            </Macro>
            <Macro Name="Change Mouse position by x:-6, y:None">
                <Event Name="RTDSMouse.X-6" />
                <Action>
                    Mouse.MoveRelative(-6, None)
                </Action>
            </Macro>
            <Macro Name="Change Mouse position by x:-7, y:None">
                <Event Name="RTDSMouse.X-7" />
                <Action>
                    Mouse.MoveRelative(-7, None)
                </Action>
            </Macro>
            <Macro Name="Change Mouse position by x:-8, y:None">
                <Event Name="RTDSMouse.X-8" />
                <Action>
                    Mouse.MoveRelative(-8, None)
                </Action>
            </Macro>
            <Macro Name="Change Mouse position by x:-9, y:None">
                <Event Name="RTDSMouse.X-9" />
                <Action>
                    Mouse.MoveRelative(-9, None)
                </Action>
            </Macro>
            <Macro Name="Change Mouse position by x:-10, y:None">
                <Event Name="RTDSMouse.X-10" />
                <Action>
                    Mouse.MoveRelative(-10, None)
                </Action>
            </Macro>
            <Macro Name="Change Mouse position by x:-11, y:None">
                <Event Name="RTDSMouse.X-11" />
                <Action>
                    Mouse.MoveRelative(-11, None)
                </Action>
            </Macro>
            <Macro Name="Change Mouse position by x:-12, y:None">
                <Event Name="RTDSMouse.X-12" />
                <Action>
                    Mouse.MoveRelative(-12, None)
                </Action>
            </Macro>
            <Macro Name="Change Mouse position by x:-13, y:None">
                <Event Name="RTDSMouse.X-13" />
                <Action>
                    Mouse.MoveRelative(-13, None)
                </Action>
            </Macro>
            <Macro Name="Change Mouse position by x:-14, y:None">
                <Event Name="RTDSMouse.X-14" />
                <Action>
                    Mouse.MoveRelative(-14, None)
                </Action>
            </Macro>
            <Macro Name="Change Mouse position by x:-15, y:None">
                <Event Name="RTDSMouse.X-15" />
                <Action>
                    Mouse.MoveRelative(-15, None)
                </Action>
            </Macro>
            <Macro Name="Change Mouse position by x:-16, y:None">
                <Event Name="RTDSMouse.X-16" />
                <Action>
                    Mouse.MoveRelative(-16, None)
                </Action>
            </Macro>
            <Macro Name="Change Mouse position by x:-17, y:None">
                <Event Name="RTDSMouse.X-17" />
                <Action>
                    Mouse.MoveRelative(-17, None)
                </Action>
            </Macro>
            <Macro Name="Change Mouse position by x:-18, y:None">
                <Event Name="RTDSMouse.X-18" />
                <Action>
                    Mouse.MoveRelative(-18, None)
                </Action>
            </Macro>
            <Macro Name="Change Mouse position by x:-19, y:None">
                <Event Name="RTDSMouse.X-19" />
                <Action>
                    Mouse.MoveRelative(-19, None)
                </Action>
            </Macro>
            <Macro Name="Change Mouse position by x:-20, y:None">
                <Event Name="RTDSMouse.X-20" />
                <Action>
                    Mouse.MoveRelative(-20, None)
                </Action>
            </Macro>
            <Macro Name="Change Mouse position by x:-21, y:None">
                <Event Name="RTDSMouse.X-21" />
                <Action>
                    Mouse.MoveRelative(-21, None)
                </Action>
            </Macro>
            <Macro Name="Change Mouse position by x:-22, y:None">
                <Event Name="RTDSMouse.X-22" />
                <Action>
                    Mouse.MoveRelative(-22, None)
                </Action>
            </Macro>
            <Macro Name="Change Mouse position by x:-23, y:None">
                <Event Name="RTDSMouse.X-23" />
                <Action>
                    Mouse.MoveRelative(-23, None)
                </Action>
            </Macro>
            <Macro Name="Change Mouse position by x:-24, y:None">
                <Event Name="RTDSMouse.X-24" />
                <Action>
                    Mouse.MoveRelative(-24, None)
                </Action>
            </Macro>
            <Macro Name="Change Mouse position by x:-25, y:None">
                <Event Name="RTDSMouse.X-25" />
                <Action>
                    Mouse.MoveRelative(-25, None)
                </Action>
            </Macro>
            <Macro Name="Change Mouse position by x:-26, y:None">
                <Event Name="RTDSMouse.X-26" />
                <Action>
                    Mouse.MoveRelative(-26, None)
                </Action>
            </Macro>
            <Macro Name="Change Mouse position by x:-27, y:None">
                <Event Name="RTDSMouse.X-27" />
                <Action>
                    Mouse.MoveRelative(-27, None)
                </Action>
            </Macro>
            <Macro Name="Change Mouse position by x:-28, y:None">
                <Event Name="RTDSMouse.X-28" />
                <Action>
                    Mouse.MoveRelative(-28, None)
                </Action>
            </Macro>
            <Macro Name="Change Mouse position by x:-29, y:None">
                <Event Name="RTDSMouse.X-29" />
                <Action>
                    Mouse.MoveRelative(-29, None)
                </Action>
            </Macro>
        </Folder>
        <Folder Name="Y Axis -">
            <Macro Name="Change Mouse position by y:-1, x:None">
                <Event Name="RTDSMouse.Y-1" />
                <Action>
                    Mouse.MoveRelative(None, -1)
                </Action>
            </Macro>
            <Macro Name="Change Mouse position by y:-2, x:None">
                <Event Name="RTDSMouse.Y-2" />
                <Action>
                    Mouse.MoveRelative(None, -2)
                </Action>
            </Macro>
            <Macro Name="Change Mouse position by y:-3, x:None">
                <Event Name="RTDSMouse.Y-3" />
                <Action>
                    Mouse.MoveRelative(None, -3)
                </Action>
            </Macro>
            <Macro Name="Change Mouse position by y:-4, x:None">
                <Event Name="RTDSMouse.Y-4" />
                <Action>
                    Mouse.MoveRelative(None, -4)
                </Action>
            </Macro>
            <Macro Name="Change Mouse position by y:-5, x:None">
                <Event Name="RTDSMouse.Y-5" />
                <Action>
                    Mouse.MoveRelative(None, -5)
                </Action>
            </Macro>
            <Macro Name="Change Mouse position by y:-6, x:None">
                <Event Name="RTDSMouse.Y-6" />
                <Action>
                    Mouse.MoveRelative(None, -6)
                </Action>
            </Macro>
            <Macro Name="Change Mouse position by y:-7, x:None">
                <Event Name="RTDSMouse.Y-7" />
                <Action>
                    Mouse.MoveRelative(None, -7)
                </Action>
            </Macro>
            <Macro Name="Change Mouse position by y:-8, x:None">
                <Event Name="RTDSMouse.Y-8" />
                <Action>
                    Mouse.MoveRelative(None, -8)
                </Action>
            </Macro>
            <Macro Name="Change Mouse position by y:-9, x:None">
                <Event Name="RTDSMouse.Y-9" />
                <Action>
                    Mouse.MoveRelative(None, -9)
                </Action>
            </Macro>
            <Macro Name="Change Mouse position by y:-10, x:None">
                <Event Name="RTDSMouse.Y-10" />
                <Action>
                    Mouse.MoveRelative(None, -10)
                </Action>
            </Macro>
            <Macro Name="Change Mouse position by y:-11, x:None">
                <Event Name="RTDSMouse.Y-11" />
                <Action>
                    Mouse.MoveRelative(None, -11)
                </Action>
            </Macro>
            <Macro Name="Change Mouse position by y:-12, x:None">
                <Event Name="RTDSMouse.Y-12" />
                <Action>
                    Mouse.MoveRelative(None, -12)
                </Action>
            </Macro>
            <Macro Name="Change Mouse position by y:-13, x:None">
                <Event Name="RTDSMouse.Y-13" />
                <Action>
                    Mouse.MoveRelative(None, -13)
                </Action>
            </Macro>
            <Macro Name="Change Mouse position by y:-14, x:None">
                <Event Name="RTDSMouse.Y-14" />
                <Action>
                    Mouse.MoveRelative(None, -14)
                </Action>
            </Macro>
            <Macro Name="Change Mouse position by y:-15, x:None">
                <Event Name="RTDSMouse.Y-15" />
                <Action>
                    Mouse.MoveRelative(None, -15)
                </Action>
            </Macro>
            <Macro Name="Change Mouse position by y:-16, x:None">
                <Event Name="RTDSMouse.Y-16" />
                <Action>
                    Mouse.MoveRelative(None, -16)
                </Action>
            </Macro>
            <Macro Name="Change Mouse position by y:-17, x:None">
                <Event Name="RTDSMouse.Y-17" />
                <Action>
                    Mouse.MoveRelative(None, -17)
                </Action>
            </Macro>
            <Macro Name="Change Mouse position by y:-18, x:None">
                <Event Name="RTDSMouse.Y-18" />
                <Action>
                    Mouse.MoveRelative(None, -18)
                </Action>
            </Macro>
            <Macro Name="Change Mouse position by y:-19, x:None">
                <Event Name="RTDSMouse.Y-19" />
                <Action>
                    Mouse.MoveRelative(None, -19)
                </Action>
            </Macro>
            <Macro Name="Change Mouse position by y:-20, x:None">
                <Event Name="RTDSMouse.Y-20" />
                <Action>
                    Mouse.MoveRelative(None, -20)
                </Action>
            </Macro>
            <Macro Name="Change Mouse position by y:-21, x:None">
                <Event Name="RTDSMouse.Y-21" />
                <Action>
                    Mouse.MoveRelative(None, -21)
                </Action>
            </Macro>
            <Macro Name="Change Mouse position by y:-22, x:None">
                <Event Name="RTDSMouse.Y-22" />
                <Action>
                    Mouse.MoveRelative(None, -22)
                </Action>
            </Macro>
            <Macro Name="Change Mouse position by y:-23, x:None">
                <Event Name="RTDSMouse.Y-23" />
                <Action>
                    Mouse.MoveRelative(None, -23)
                </Action>
            </Macro>
            <Macro Name="Change Mouse position by y:-24, x:None">
                <Event Name="RTDSMouse.Y-24" />
                <Action>
                    Mouse.MoveRelative(None, -24)
                </Action>
            </Macro>
            <Macro Name="Change Mouse position by y:-25, x:None">
                <Event Name="RTDSMouse.Y-25" />
                <Action>
                    Mouse.MoveRelative(None, -25)
                </Action>
            </Macro>
            <Macro Name="Change Mouse position by y:-26, x:None">
                <Event Name="RTDSMouse.Y-26" />
                <Action>
                    Mouse.MoveRelative(None, -26)
                </Action>
            </Macro>
            <Macro Name="Change Mouse position by y:-27, x:None">
                <Event Name="RTDSMouse.Y-27" />
                <Action>
                    Mouse.MoveRelative(None, -27)
                </Action>
            </Macro>
            <Macro Name="Change Mouse position by y:-28, x:None">
                <Event Name="RTDSMouse.Y-28" />
                <Action>
                    Mouse.MoveRelative(None, -28)
                </Action>
            </Macro>
            <Macro Name="Change Mouse position by y:-29, x:None">
                <Event Name="RTDSMouse.Y-29" />
                <Action>
                    Mouse.MoveRelative(None, -29)
                </Action>
            </Macro>
        </Folder>
    </Folder>
</EventGhost>
